idx,degree
1,6
3,2
6,1
8,2
9,1
10,3
11,1
14,3
15,2
16,9
17,1
25,1
27,2
29,2
30,1
33,3
34,1
35,1
40,1
42,1
43,8
44,1
45,1
51,4
52,1
54,1
61,1
62,2
63,1
66,2
68,2
69,1
70,1
71,1
74,2
87,1
96,2
97,1
101,1
109,1
115,1
118,2
120,1
124,1
125,2
136,4
139,2
140,2
143,1
145,2
150,2
154,2
156,1
157,14
162,1
165,15
167,2
170,1
175,1
177,1
178,2
180,1
182,2
185,1
186,2
188,1
189,1
193,1
197,1
198,2
200,7
203,3
205,1
207,4
208,1
216,1
217,15
220,1
222,2
226,6
228,2
229,4
232,5
233,1
235,2
236,2
247,1
249,1
253,2
254,3
255,1
264,1
268,1
276,2
279,2
282,3
283,1
286,1
289,1
290,1
319,3
321,1
322,8
323,2
324,2
326,16
327,10
328,2
336,17
340,1
341,2
343,1
345,2
346,2
348,1
349,1
352,1
354,1
357,1
361,4
362,2
363,2
364,1
368,1
369,2
370,2
371,1
372,1
373,1
376,2
377,1
378,1
381,9
382,4
390,1
391,1
393,8
397,1
406,1
407,1
408,1
409,2
410,1
411,1
412,2
414,1
415,1
416,1
418,2
425,1
428,2
430,2
431,1
432,12
434,24
437,13
438,19
443,19
444,2
446,2
456,1
467,1
469,6
472,4
483,1
487,7
488,1
489,2
490,1
492,3
493,3
501,19
502,1
503,9
504,1
505,3
511,1
519,16
521,1
522,6
524,1
527,1
528,5
529,2
530,2
532,3
533,4
535,4
541,1
542,14
543,1
545,5
546,2
550,2
551,1
562,4
564,1
566,1
570,2
575,1
582,12
583,3
584,3
591,1
596,1
600,4
609,4
616,1
618,7
622,2
632,1
633,2
634,1
635,1
636,3
638,1
643,1
646,2
647,1
651,2
652,3
658,2
665,1
668,3
669,14
676,1
682,1
698,4
704,8
712,3
715,3
718,1
720,8
729,1
733,1
744,3
745,12
746,1
749,3
754,1
755,2
758,1
759,1
762,1
764,1
766,1
769,2
778,2
780,8
785,2
790,1
793,1
796,1
805,1
808,1
835,1
836,3
840,5
845,3
846,3
847,1
849,1
851,9
852,2
859,1
863,1
865,1
866,1
875,5
877,1
884,1
888,1
890,2
891,2
893,1
897,1
898,7
903,2
908,6
909,1
915,1
917,2
918,2
922,2
923,1
924,2
925,1
926,2
933,2
939,1
947,5
948,6
949,2
964,3
974,2
975,1
979,7
982,3
990,2
1003,1
1007,2
1009,14
1010,1
1011,1
1012,2
1014,1
1016,2
1022,1
1023,2
1024,1
1026,6
1027,4
1034,3
1045,2
1046,2
1051,3
1052,4
1053,3
1055,8
1056,2
1057,2
1058,2
1059,10
1061,5
1062,1
1064,2
1065,16
1071,1
1072,8
1076,2
1081,2
1089,1
1094,1
1095,2
1096,3
1097,1
1098,7
1101,5
1104,1
1105,3
1106,1
1107,1
1108,1
1109,1
1110,1
1111,10
1113,5
1115,2
1116,4
1118,3
1121,5
1123,1
1124,1
1125,1
1126,4
1138,1
1140,11
1141,2
1143,2
1144,4
1148,2
1150,1
1151,1
1156,3
1160,1
1162,2
1167,2
1168,1
1172,4
1175,10
1177,1
1182,1
1185,1
1187,1
1188,1
1189,1
1200,1
1203,23
1206,17
1208,1
1210,1
1212,2
1215,1
1216,2
1220,2
1221,3
1224,1
1225,1
1226,1
1228,3
1229,2
1230,1
1238,3
1239,4
1243,1
1244,16
1245,1
1246,5
1248,2
1251,2
1253,4
1254,2
1255,3
1258,1
1259,1
1264,1
1265,1
1266,1
1268,2
1273,1
1280,1
1281,2
1284,1
1285,4
1286,15
1291,11
1292,2
1293,1
1294,6
1296,1
1297,2
1298,3
1304,1
1306,1
1312,3
1319,2
1337,2
1340,2
1341,2
1344,1
1346,2
1348,2
1352,1
1355,2
1356,1
1357,3
1358,1
1359,1
1363,1
1364,1
1369,1
1370,3
1372,1
1373,2
1375,4
1376,2
1377,1
1378,5
1379,4
1380,1
1381,15
1382,2
1383,4
1386,1
1387,1
1388,1
1390,11
1391,2
1392,1
1393,6
1394,6
1400,21
1401,3
1405,3
1406,20
1407,8
1408,2
1409,12
1412,3
1418,20
1425,5
1428,19
1429,2
1433,1
1434,17
1437,1
1439,2
1442,26
1443,24
1444,1
1446,1
1447,3
1448,23
1449,13
1450,20
1457,3
1464,15
1465,19
1466,3
1470,1
1472,1
1473,5
1476,6
1482,17
1486,14
1487,1
1494,1
1497,4
1498,23
1499,8
1500,8
1501,3
1502,3
1503,2
1505,12
1508,4
1510,1
1514,1
1515,2
1518,2
1524,12
1525,1
1534,2
1539,11
1540,18
1541,1
1542,3
1545,7
1548,1
1549,5
1558,1
1559,1
1564,2
1567,3
1568,1
1570,7
1572,4
1573,1
1574,1
1576,15
1578,14
1581,2
1584,5
1585,1
1586,5
1587,3
1588,10
1590,1
1593,14
1594,1
1595,12
1598,25
1599,10
1600,7
1601,1
1602,1
1604,1
1605,1
1607,1
1612,1
1613,7
1614,12
1616,4
1617,6
1618,5
1620,3
1621,17
1624,3
1627,11
1629,4
1630,17
1631,2
1632,4
1633,19
1634,1
1635,1
1636,9
1637,17
1638,5
1639,3
1640,4
1642,11
1643,22
1644,4
1648,15
1654,2
1655,10
1656,1
1659,14
1660,3
1662,1
1664,19
1675,1
1676,8
1678,19
1679,21
1681,2
1682,4
1687,1
1690,8
1692,1
1694,1
1701,1
1706,1
1708,1
1709,1
1717,18
1724,8
1726,5
1727,1
1728,10
1732,4
1733,15
1745,1
1746,12
1755,1
1756,5
1759,7
1761,9
1762,3
1768,1
1770,20
1774,23
1776,1
1778,6
1781,3
1783,2
1785,2
1786,1
1789,1
1790,6
1792,6
1800,6
1802,1
1803,15
1804,5
1805,17
1810,13
1813,23
1814,1
1816,14
1819,18
1820,1
1823,4
1824,22
1825,4
1827,1
1830,2
1831,5
1832,6
1836,11
1837,3
1838,1
1854,8
1855,12
1856,3
1858,2
1863,2
1864,4
1866,25
1867,11
1868,2
1869,7
1870,5
1872,1
1877,2
1878,6
1881,1
1882,1
1883,1
1885,1
1886,3
1887,5
1888,3
1889,2
1891,7
1893,6
1895,4
1900,3
1901,1
1902,1
1903,5
1905,1
1906,3
1908,5
1909,4
1910,1
1911,7
1912,6
1913,3
1915,3
1916,5
1917,1
1918,4
1919,8
1920,7
1921,1
1922,4
1924,5
1925,1
1929,2
1933,1
1934,3
1935,1
1936,3
1937,4
1940,1
1941,5
1942,2
1945,8
1949,6
1950,1
1951,1
1952,1
1953,9
1955,4
1956,1
1959,1
1966,3
1969,3
1971,1
1972,2
1973,2
1975,2
1976,5
1977,4
1979,19
1980,11
1981,14
1982,22
1984,2
1985,2
1986,13
1987,2
1988,9
1989,5
1995,20
1996,17
2001,7
2002,9
2004,2
2005,1
2007,14
2009,11
2010,21
2015,5
2016,1
2019,2
2020,8
2027,1
2032,10
2033,1
2038,21
2039,2
2044,1
2045,3
2047,2
2048,20
2049,3
2050,4
2051,16
2052,1
2053,12
2056,16
2058,8
2059,23
2060,6
2061,1
2062,3
2065,3
2066,11
2067,1
2068,3
2069,2
2071,10
2072,1
2073,3
2074,3
2076,4
2078,1
2079,7
2083,6
2084,5
2085,2
2086,5
2090,9
2091,21
2092,3
2094,3
2095,13
2100,1
2101,1
2102,4
2106,20
2111,4
2112,5
2114,5
2115,5
2118,4
2119,5
2122,5
2124,1
2126,1
2127,1
2128,8
2129,4
2133,5
2134,5
2135,8
2136,7
2137,3
2138,1
2139,2
2140,3
2141,4
2143,2
2144,5
2145,4
2147,2
2149,3
2153,5
2154,2
2155,2
2156,1
2158,4
2159,7
2167,4
2168,6
2172,1
2174,5
2175,1
2181,9
2182,4
2183,1
2184,4
2186,4
2188,2
2189,3
2190,4
2194,6
2195,1
2200,2
2201,3
2202,5
2203,1
2206,4
2207,1
2208,1
2212,3
2213,1
2214,1
2215,2
2223,2
2225,1
2226,2
2237,4
2238,3
2239,4
2240,3
2243,2
2244,3
2246,1
2247,3
2250,3
2252,3
2253,4
2254,3
2256,5
2257,4
2258,2
2259,1
2262,8
2265,16
2266,1
2267,3
2268,1
2272,12
2273,1
2274,1
2275,4
2276,4
2278,1
2279,9
2281,2
2284,15
2287,3
2289,3
2290,10
2294,1
2295,1
2296,3
2298,10
2299,4
2302,1
2304,6
2307,13
2309,8
2310,1
2312,18
2313,6
2316,8
2319,1
2320,2
2321,9
2322,2
2323,1
2324,8
2326,1
2328,8
2329,2
2336,3
2338,1
2344,1
2347,5
2349,13
2350,6
2351,2
2353,2
2354,1
2356,2
2358,12
2359,8
2362,3
2369,13
2370,5
2371,1
2373,21
2375,1
2376,4
2377,9
2382,4
2385,17
2386,5
2389,1
2391,19
2392,11
2393,1
2396,1
2397,5
2398,1
2399,1
2400,8
2406,12
2407,1
2408,6
2411,18
2414,3
2417,1
2418,3
2420,1
2428,8
2430,2
2431,1
2432,1
2435,17
2437,1
2442,1
2451,1
2453,8
2459,2
2462,12
2463,21
2464,3
2466,3
2470,4
2471,8
2472,4
2473,8
2474,1
2476,3
2483,5
2484,2
2485,1
2489,15
2491,4
2494,15
2495,1
2502,9
2503,1
2508,1
2510,21
2513,1
2520,6
2521,1
2522,2
2526,1
2530,6
2532,4
2533,3
2534,24
2536,1
2537,5
2538,8
2539,3
2540,1
2544,2
2549,2
2550,1
2554,7
2556,1
2560,4
2563,2
2564,1
2569,1
2571,19
2575,1
2579,15
2580,6
2583,1
2593,1
2602,2
2611,3
2612,1
2614,12
2618,2
2619,1
2621,3
2631,1
2638,10
2643,18
2644,6
2645,2
2647,1
2650,2
2653,1
2658,1
2660,2
2670,3
2671,2
2676,2
2682,2
2683,3
2684,2
2685,9
2686,8
2687,1
2692,4
2694,1
2700,1
2701,12
2707,1
2709,4
2710,2
2713,1
2715,1
2716,8
2723,7
2725,5
2732,21
2746,1
2750,9
2756,5
2772,7
2773,6
2777,1
2778,4
2779,17
2786,4
2791,1
2793,1
2797,12
2799,1
2801,2
2804,3
2805,11
2806,19
2808,6
2810,3
2811,15
2812,2
2817,1
2818,1
2819,1
2822,19
2823,3
2826,5
2828,1
2831,12
2843,2
2844,1
2845,13
2846,1
2851,5
2858,1
2877,1
2882,3
2890,1
2891,1
2893,1
2894,4
2895,2
2896,6
2897,2
2900,16
2901,17
2902,8
2904,1
2905,5
2906,13
2909,8
2914,2
2916,8
2917,1
2919,4
2920,2
2924,2
2925,1
2927,2
2929,1
2932,5
2934,2
2935,2
2938,15
2940,2
2946,4
2947,2
2948,12
2957,9
2958,3
2960,1
2966,3
2967,2
2968,7
2969,4
2972,10
2973,12
2974,1
2976,2
2977,6
2978,3
2982,16
2983,1
2985,4
2986,9
2988,4
2989,1
2990,8
2993,14
2996,13
2997,12
3004,1
3005,16
3007,20
3009,7
3010,9
3011,4
3012,2
3019,1
3020,1
3022,9
3023,10
3026,8
3027,12
3033,18
3037,17
3039,16
3043,1
3044,9
3045,4
3046,9
3048,3
3049,8
3053,3
3056,3
3061,16
3063,6
3065,5
3067,15
3068,1
3071,11
3074,16
3076,4
3081,5
3082,2
3083,16
3088,6
3089,1
3096,17
3098,3
3099,1
3100,15
3101,4
3105,7
3106,8
3107,3
3108,13
3109,2
3110,3
3112,4
3113,10
3114,19
3118,2
3119,1
3120,9
3122,9
3123,2
3124,1
3125,2
3133,3
3137,2
3147,8
3149,14
3150,3
3151,10
3152,2
3153,11
3154,4
3155,10
3156,9
3157,4
3158,7
3159,9
3160,16
3166,5
3169,5
3172,3
3178,2
3180,3
3182,1
3186,1
3206,1
3208,1
3209,1
3210,22
3215,1
3216,5
3217,3
3218,1
3219,3
3220,1
3221,1
3224,9
3225,4
3226,5
3229,4
3230,1
3232,1
3233,4
3234,3
3236,1
3238,6
3239,4
3243,1
3244,1
3247,1
3249,6
3251,3
3253,1
3255,1
3258,3
3259,1
3262,1
3264,3
3265,6
3266,6
3268,1
3269,5
3273,6
3275,2
3276,1
3277,1
3280,3
3284,2
3285,2
3286,9
3288,8
3289,1
3296,3
3297,3
3298,7
3301,5
3302,1
3303,5
3305,4
3306,2
3308,5
3309,3
3310,2
3312,1
3313,6
3317,1
3318,6
3319,1
3320,1
3321,1
3323,1
3325,3
3326,3
3327,1
3329,1
3330,1
3331,3
3332,1
3333,2
3334,4
3336,3
3337,4
3338,1
3339,3
3340,5
3343,23
3348,5
3350,9
3352,19
3354,1
3356,13
3358,5
3359,1
3361,1
3367,18
3375,1
3377,5
3381,17
3382,1
3383,7
3384,16
3388,2
3391,1
3398,1
3403,1
3404,3
3405,4
3408,1
3417,1
3420,3
3423,15
3424,11
3429,16
3430,3
3431,1
3432,10
3434,5
3436,1
3438,1
3439,1
3444,3
3446,1
3447,1
3448,2
3451,1
3452,6
3455,1
3461,1
3462,1
3464,3
3471,2
3474,3
3479,9
3484,1
3485,13
3486,1
3490,1
3493,1
3495,16
3496,1
3500,1
3502,1
3508,3
3509,2
3511,4
3512,1
3520,1
3527,2
3534,1
3539,1
3541,1
3560,2
3578,1
3580,1
3613,14
3634,1
3670,4
3677,24
3679,4
3681,1
3731,6
3743,1
3747,1
3751,1
3764,1
3778,1
3806,3
3827,1
3829,1
3836,1
3885,2
3890,1
3903,1
3913,19
3914,13
3916,3
3917,17
3919,3
3920,19
3921,14
3922,3
3926,19
3927,5
3928,18
3930,16
3934,3
3938,1
3939,2
3941,1
3942,1
3943,3
3945,1
3946,2
3947,7
3948,1
3954,1
3958,20
3960,4
3962,11
3971,1
3973,1
3976,2
3985,1
3987,1
3988,1
3990,2
3996,1
3998,2
4004,1
4005,1
4006,1
4016,1
4023,4
4027,24
4028,1
4031,3
4032,4
4033,5
4036,6
4039,4
4040,10
4041,2
4042,5
4043,1
4044,1
4063,1
4064,1
4065,1
4071,1
4072,8
4078,1
4080,1
4081,9
4082,1
4084,1
4086,1
4088,1
4089,10
4092,5
4094,15
4095,2
4096,3
4100,2
4101,5
4104,4
4105,3
4107,1
4108,5
4110,2
4113,3
4114,1
4115,1
4116,3
4117,6
4118,5
4120,7
4122,6
4124,2
4125,5
4126,1
4128,6
4129,4
4130,9
4131,4
4133,4
4134,1
4136,1
4137,6
4138,1
4139,1
4140,5
4142,5
4143,3
4145,1
4148,1
4150,1
4155,1
4156,1
4160,3
4161,2
4162,2
4169,2
4171,2
4175,4
4176,6
4179,1
4182,11
4183,1
4185,7
4187,5
4188,4
4193,4
4195,2
4196,1
4198,2
4207,2
4208,3
4210,4
4213,6
4214,2
4215,3
4217,3
4218,4
4221,1
4222,1
4223,1
4229,2
4230,4
4232,1
4233,9
4235,3
4237,4
4244,4
4246,4
4248,1
4250,1
4251,5
4252,2
4254,1
4255,1
4257,3
4258,5
4260,1
4263,6
4264,2
4265,1
4270,12
4274,1
4278,11
4279,7
4281,9
4282,10
4285,16
4290,4
4294,1
4296,4
4302,3
4303,10
4304,1
4309,8
4313,5
4314,11
4315,5
4316,1
4318,1
4321,1
4323,15
4324,1
4329,5
4330,9
4332,1
4333,17
4335,3
4338,6
4340,1
4343,1
4346,1
4351,17
4353,1
4354,4
4355,1
4359,9
4361,2
4367,3
4378,3
4379,3
4383,6
4384,2
4385,9
4387,19
4388,10
4389,5
4390,13
4393,2
4395,16
4396,4
4397,2
4399,6
4403,7
4406,10
4408,4
4409,23
4410,13
4412,17
4416,17
4420,7
4422,1
4424,6
4426,3
4428,5
4430,3
4431,23
4432,2
4434,8
4436,12
4437,2
4438,2
4439,17
4440,3
4441,7
4442,1
4443,1
4446,1
4447,3
4448,2
4449,7
4450,12
4451,1
4453,16
4455,1
4457,3
4458,1
4459,9
4460,5
4462,1
4463,2
4465,16
4466,15
4468,12
4469,2
4471,1
4473,15
4474,2
4476,1
4478,4
4479,1
4480,22
4481,3
4482,1
4483,10
4484,19
4485,21
4486,7
4487,1
4489,6
4491,1
4492,1
4493,1
4499,2
4500,17
4514,1
4517,1
4518,2
4520,1
4522,1
4528,11
4529,2
4530,1
4531,1
4532,1
4534,1
4550,1
4557,2
4561,1
4563,3
4564,13
4565,13
4566,13
4567,2
4573,1
4575,1
4576,2
4577,1
4578,1
4579,1
4584,2
4589,1
4592,5
4595,1
4597,3
4603,1
4606,1
4607,2
4610,2
4611,8
4614,2
4616,2
4622,2
4629,19
4633,1
4635,1
4637,2
4640,1
4642,1
4648,3
4653,1
4675,22
4681,1
4686,1
4687,8
4688,1
4689,12
4690,4
4695,2
4698,1
4701,1
4704,2
4707,1
4709,2
4713,1
4719,1
4720,1
4721,1
4725,2
4733,1
4734,2
4736,2
4738,1
4739,1
4741,1
4744,1
4747,1
4752,1
4753,1
4756,1
4758,2
4760,1
4763,2
4769,1
4772,1
4773,1
4776,1
4781,1
4788,1
4789,2
4790,1
4792,2
4803,1
4808,11
4818,3
4821,1
4822,1
4823,1
4825,2
4826,3
4828,1
4831,19
4836,9
4844,1
4846,18
4854,3
4856,1
4859,1
4860,5
4864,5
4865,11
4867,5
4868,1
4875,2
4877,1
4878,13
4880,1
4881,17
4883,8
4884,1
4887,1
4888,1
4889,1
4891,1
4893,9
4894,1
4895,2
4901,11
4910,23
4913,12
4914,12
4920,2
4921,3
4922,21
4923,1
4924,21
4925,5
4928,7
4931,3
4932,4
4934,7
4937,16
4944,6
4945,2
4947,13
4948,1
4950,7
4951,1
4953,13
4954,1
4955,12
4975,4
4983,1
4995,1
5005,4
5018,1
5032,1
5037,2
5047,1
5063,1
5067,1
5075,2
5081,4
5085,1
5092,1
5097,8
5098,4
5100,6
5103,1
5107,9
5112,1
5124,4
5126,2
5127,1
5128,1
5129,3
5131,16
5132,4
5142,2
5143,3
5144,1
5145,14
5146,6
5147,1
5148,6
5149,2
5155,6
5159,22
5160,9
5161,4
5162,1
5163,11
5165,7
5166,1
5167,7
5168,2
5169,15
5176,2
5178,2
5180,13
5183,1
5184,20
5185,1
5187,3
5189,4
5190,14
5192,2
5193,11
5194,3
5198,1
5199,6
5200,1
5201,3
5203,19
5204,1
5205,15
5206,3
5207,5
5212,13
5213,2
5214,2
5215,6
5216,7
5219,2
5220,5
5221,6
5222,13
5229,4
5230,6
5232,11
5233,1
5234,3
5236,5
5237,1
5238,1
5239,3
5243,7
5244,2
5245,6
5247,2
5251,8
5252,3
5256,1
5257,1
5258,4
5259,3
5261,7
5262,6
5263,3
5265,1
5268,3
5272,3
5273,5
5276,7
5277,1
5279,5
5280,7
5281,6
5282,4
5283,5
5284,1
5285,3
5286,1
5288,3
5289,1
5290,2
5291,3
5294,5
5295,3
5296,4
5297,2
5302,5
5303,2
5304,4
5305,4
5306,1
5307,4
5308,2
5309,3
5311,5
5314,5
5315,6
5317,4
5318,3
5320,12
5321,1
5322,1
5326,1
5327,13
5329,1
5331,9
5332,10
5333,1
5335,1
5336,3
5337,13
5339,6
5342,13
5343,1
5344,8
5345,8
5347,18
5352,4
5353,9
5354,1
5356,3
5358,18
5359,7
5361,1
5363,10
5366,9
5376,1
5377,2
5378,6
5379,6
5381,5
5382,1
5385,5
5386,1
5387,1
5388,4
5389,1
5390,2
5391,1
5401,22
5402,8
5403,5
5404,6
5406,22
5407,14
5409,9
5411,11
5412,1
5413,1
5416,7
5417,2
5419,1
5420,10
5421,4
5422,7
5423,4
5425,2
5427,17
5428,2
5429,4
5430,3
5433,1
5438,1
5458,5
5460,1
5461,7
5462,1
5468,1
5469,3
5474,6
5475,22
5476,12
5477,3
5478,3
5481,1
5484,2
5494,4
5498,1
5501,4
5503,3
5504,14
5505,1
5506,3
5507,1
5508,5
5510,1
5512,3
5513,2
5515,1
5534,2
5536,1
5537,1
5542,1
5543,4
5545,3
5550,7
5553,1
5554,19
5555,1
5557,3
5560,1
5562,2
5564,1
5565,1
5566,2
5570,1
5582,3
5591,1
5594,1
5601,3
5604,1
5607,1
5609,1
5610,1
5613,2
5615,3
5618,3
5619,1
5624,1
5625,1
5631,1
5633,1
5637,1
5642,1
5643,2
5648,3
5653,1
5661,10
5676,1
5681,1
5693,4
5696,1
5703,1
5705,1
5709,1
5711,2
5719,1
5721,1
5723,1
5733,2
5734,1
5735,1
5736,1
5747,1
5751,3
5752,2
5755,1
5783,1
5784,1
5790,1
5801,1
5810,2
5812,5
5816,4
5817,2
5818,1
5819,1
5820,1
5822,1
5825,2
5827,7
5833,1
5843,1
5849,1
5853,1
5855,2
5856,1
5857,1
5858,3
5862,2
5863,8
5866,1
5868,1
5871,7
5872,2
5874,3
5882,1
5885,1
5887,1
5891,1
5907,1
5909,1
5910,1
5917,1
5918,7
5919,2
5923,4
5926,6
5930,2
5936,4
5940,2
5941,2
5942,2
5943,3
5944,24
5945,1
5959,1
5963,2
5964,1
5966,1
5971,2
6006,1
6016,1
6037,1
6045,1
6051,1
6053,2
6054,1
6065,1
6072,1
6091,1
6094,1
6131,2
6138,1
6139,11
6140,2
6141,7
6143,9
6149,12
6151,3
6153,1
6154,6
6156,1
6158,3
6159,4
6160,1
6161,1
6163,1
6165,15
6166,12
6167,10
6168,14
6169,2
6172,28
6173,21
6175,21
6176,5
6177,20
6178,11
6179,2
6180,13
6184,21
6185,1
6187,1
6189,1
6190,11
6191,2
6198,6
6199,14
6206,3
6209,17
6212,1
6215,7
6220,14
6222,3
6225,1
6226,4
6229,1
6230,1
6231,3
6232,8
6235,1
6244,5
6246,10
6252,20
6253,3
6257,18
6258,1
6260,5
6263,5
6264,4
6268,1
6269,5
6270,14
6272,4
6274,15
6275,14
6277,23
6281,8
6282,17
6283,7
6285,13
6286,1
6289,2
6294,14
6300,19
6301,2
6303,12
6305,24
6309,21
6312,9
6315,7
6316,2
6319,9
6325,1
6326,21
6327,7
6328,16
6331,3
6332,1
6333,1
6335,14
6337,1
6338,1
6340,3
6341,6
6346,3
6347,5
6351,4
6352,1
6353,1
6355,4
6356,8
6358,1
6362,2
6363,7
6364,5
6368,5
6372,2
6373,4
6374,4
6375,1
6376,4
6379,2
6381,17
6382,7
6383,6
6385,5
6386,3
6387,5
6388,1
6389,5
6392,1
6393,9
6394,18
6395,1
6403,1
6407,3
6409,26
6410,2
6411,6
6413,8
6415,1
6416,2
6417,1
6420,20
6422,3
6430,6
6431,10
6432,1
6433,20
6436,1
6441,5
6442,1
6444,5
6445,7
6446,15
6448,1
6449,6
6451,9
6454,7
6456,4
6460,3
6462,9
6465,20
6466,6
6467,6
6470,1
6474,1
6475,8
6476,3
6477,1
6480,1
6482,3
6484,1
6488,1
6490,2
6491,4
6492,5
6493,3
6496,6
6502,6
6504,1
6505,4
6507,4
6509,3
6511,3
6514,1
6515,1
6516,2
6518,3
6519,4
6520,7
6521,13
6522,1
6523,5
6525,1
6526,4
6527,7
6528,1
6529,1
6530,6
6531,3
6536,3
6537,2
6538,2
6539,7
6542,3
6543,6
6544,3
6546,3
6548,1
6549,2
6551,4
6553,3
6554,3
6555,4
6556,12
6557,1
6558,1
6559,1
6562,5
6564,1
6566,1
6568,2
6572,1
6573,1
6575,3
6576,1
6577,4
6581,2
6585,6
6586,3
6587,4
6589,1
6594,1
6595,4
6596,3
6597,2
6598,1
6599,2
6600,3
6601,5
6605,24
6606,10
6607,11
6608,1
6609,1
6610,2
6611,15
6612,7
6613,2
6614,2
6615,8
6616,10
6619,2
6620,10
6621,1
6624,6
6625,10
6626,1
6627,1
6628,9
6632,2
6633,10
6635,17
6639,9
6643,10
6644,20
6645,1
6646,1
6650,7
6653,10
6664,2
6667,2
6671,2
6690,1
6695,3
6699,4
6700,1
6703,1
6704,1
6718,6
6719,1
6723,1
6724,1
6731,1
6734,4
6735,2
6736,16
6737,16
6739,5
6741,12
6743,1
6746,4
6747,1
6749,6
6750,1
6751,1
6753,3
6758,1
6759,6
6761,2
6762,6
6771,3
6775,1
6777,3
6778,10
6779,1
6780,4
6782,11
6790,2
6791,9
6792,3
6798,3
6799,1
6802,5
6804,2
6807,4
6809,7
6810,1
6812,7
6813,2
6815,2
6816,1
6820,1
6821,3
6822,12
6823,3
6824,1
6825,1
6826,4
6827,2
6828,4
6836,3
6839,3
6840,1
6841,2
6846,3
6850,7
6852,5
6853,3
6855,4
6860,13
6861,8
6865,6
6866,1
6870,19
6871,2
6873,5
6883,9
6884,5
6885,8
6887,1
6888,1
6889,16
6891,4
6893,3
6896,1
6897,1
6898,4
6899,7
6900,2
6904,6
6905,2
6910,6
6912,2
6913,1
6914,1
6918,7
6919,18
6920,8
6922,5
6923,4
6925,9
6926,18
6929,1
6930,1
6933,24
6934,1
6935,6
6936,2
6937,12
6938,7
6939,1
6940,5
6941,17
6943,19
6944,4
6949,18
6950,1
6954,2
6955,11
6956,1
6958,1
6960,1
6961,2
6962,1
6965,1
6967,1
6970,3
6971,11
6974,1
6975,3
6977,4
6978,1
6980,3
6981,8
6990,2
6992,2
6993,18
6994,12
6995,10
6996,1
6997,1
6999,2
7000,1
7002,1
7004,1
7010,2
7011,2
7012,3
7017,4
7018,11
7019,12
7020,2
7023,4
7030,2
7031,2
7034,7
7035,7
7036,5
7037,10
7038,3
7039,1
7040,7
7042,15
7043,12
7047,1
7048,18
7049,8
7053,5
7055,6
7057,2
7062,3
7063,13
7071,1
7072,1
7084,1
7085,5
7088,1
7091,2
7092,12
7095,3
7098,4
7101,2
7105,2
7110,1
7116,6
7117,4
7123,1
7124,2
7127,1
7132,1
7134,18
7136,1
7138,4
7141,16
7144,9
7145,14
7148,2
7150,1
7151,3
7154,2
7155,4
7156,8
7158,5
7160,3
7161,23
7162,8
7165,1
7167,15
7168,1
7170,1
7171,11
7172,1
7173,2
7174,13
7175,14
7176,7
7178,9
7179,4
7181,1
7182,3
7186,4
7188,3
7193,4
7195,1
7196,3
7198,3
7200,4
7201,4
7202,1
7203,1
7204,3
7205,2
7206,10
7210,3
7211,1
7213,2
7214,1
7215,1
7216,2
7218,4
7219,3
7221,1
7224,6
7228,1
7229,2
7233,1
7234,8
7235,1
7237,2
7239,8
7240,3
7241,2
7242,1
7244,1
7247,2
7248,10
7249,22
7250,11
7251,10
7252,10
7253,19
7254,17
7255,15
7256,21
7257,7
7260,19
7261,1
7263,12
7265,7
7267,1
7270,15
7271,4
7272,1
7273,3
7274,11
7276,2
7282,9
7285,6
7287,19
7288,10
7290,1
7292,1
7293,2
7294,9
7297,2
7298,17
7299,1
7304,5
7305,4
7310,22
7311,1
7313,2
7314,1
7315,1
7316,1
7317,10
7318,2
7321,15
7326,6
7327,3
7328,4
7330,1
7332,4
7333,1
7338,3
7339,5
7340,7
7341,2
7343,4
7345,5
7349,1
7356,2
7357,1
7358,2
7363,4
7364,1
7365,1
7367,1
7369,2
7370,5
7371,9
7373,1
7374,1
7375,1
7379,4
7380,4
7388,7
7390,1
7391,7
7392,2
7393,2
7396,1
7397,1
7398,3
7399,4
7400,2
7402,1
7404,1
7408,8
7410,1
7411,1
7413,2
7415,2
7417,7
7419,4
7421,3
7423,3
7426,3
7427,2
7429,2
7430,1
7432,1
7435,5
7436,4
7443,3
7445,1
7446,2
7447,1
7452,4
7455,1
7456,5
7461,3
7463,4
7464,1
7465,9
7466,1
7468,3
7471,2
7472,4
7474,1
7475,2
7477,4
7483,11
7488,1
7489,9
7490,13
7493,15
7496,18
7499,5
7500,6
7501,1
7502,1
7503,1
7504,13
7505,2
7506,6
7507,1
7508,12
7509,1
7512,14
7513,3
7515,6
7518,1
7519,2
7520,6
7521,2
7522,8
7525,17
7526,8
7528,4
7529,17
7530,3
7531,8
7536,13
7538,1
7539,1
7543,6
7544,3
7548,2
7559,17
7560,5
7562,1
7564,18
7565,4
7570,5
7571,13
7572,2
7574,1
7576,25
7577,18
7579,1
7581,10
7582,17
7585,2
7586,6
7591,19
7592,1
7595,4
7596,11
7600,4
7602,5
7603,4
7604,5
7606,4
7607,14
7611,2
7612,4
7613,2
7616,9
7621,4
7627,1
7630,4
7631,9
7635,2
7637,12
7638,5
7639,3
7640,17
7643,2
7644,1
7646,1
7647,1
7648,1
7650,2
7651,10
7656,1
7657,2
7658,7
7660,1
7661,3
7668,2
7673,3
7674,7
7675,1
7676,7
7679,8
7680,11
7682,3
7683,7
7684,4
7685,8
7686,3
7687,21
7688,8
7689,3
7690,2
7691,19
7693,8
7696,3
7697,9
7698,1
7700,3
7702,2
7703,3
7704,11
7705,13
7709,15
7712,1
7713,13
7714,1
7715,4
7716,18
7717,17
7721,1
7723,2
7724,23
7725,1
7726,16
7727,20
7728,12
7729,1
7730,1
7732,8
7733,3
7735,1
7736,2
7737,19
7738,4
7740,6
7742,9
7743,4
7744,2
7751,1
7754,4
7755,5
7758,15
7760,5
7764,1
7765,19
7766,3
7767,1
7768,3
7770,3
7771,4
7779,19
7788,9
7789,3
7793,3
7795,2
7797,8
7801,1
7808,1
7810,16
7811,7
7812,1
7814,1
7816,7
7819,7
7823,4
7832,1
7835,1
7846,1
7852,2
7857,1
7858,1
7859,6
7860,1
7866,7
7868,4
7880,2
7881,16
7882,1
7883,15
7885,5
7886,15
7890,3
7891,17
7900,12
7902,23
7904,9
7905,11
7907,7
7908,2
7909,2
7914,3
7915,7
7917,19
7920,1
7921,13
7923,8
7924,5
7930,1
7932,22
7933,10
7934,6
7935,9
7936,5
7937,9
7940,5
7941,5
7942,2
7943,12
7944,4
7945,3
7947,1
7948,17
7949,3
7950,16
7952,14
7953,6
7955,7
7956,1
7957,10
7959,22
7962,1
7963,6
7964,6
7967,2
7968,4
7971,13
7980,2
7988,15
7989,1
7990,5
7992,2
7993,2
7994,1
7998,11
8000,1
8002,2
8003,3
8004,13
8006,1
8008,12
8010,18
8012,2
8013,15
8014,14
8021,8
8036,1
8042,12
8050,10
8056,23
8057,1
8061,9
8062,8
8063,3
8064,5
8073,8
8074,1
8075,1
8076,9
8078,1
8079,1
8081,13
8082,1
8083,1
8085,10
8090,5
8091,9
8092,12
8095,1
8096,2
8098,14
8100,15
8109,6
8120,1
8124,9
8126,13
8127,5
8129,8
8131,1
8132,10
8133,3
8134,6
8137,3
8138,15
8141,5
8142,15
8143,4
8145,5
8146,4
8149,1
8151,5
8152,17
8153,6
8190,1
8216,1
8217,11
8222,2
8224,2
8225,1
8229,3
8230,12
8232,1
8236,1
8237,2
8244,2
8246,1
8251,3
8252,1
8254,1
8256,5
8257,3
8258,1
8259,1
8262,1
8269,5
8270,23
8271,1
8274,1
8276,1
8277,1
8278,1
8279,2
8280,1
8281,1
8283,5
8286,1
8292,1
8308,1
8312,1
8313,1
8314,2
8318,1
8320,1
8323,1
8325,1
8328,1
8329,1
8331,1
8333,2
8335,1
8337,1
8339,1
8340,2
8342,1
8343,1
8348,1
8349,1
8352,2
8353,1
8354,1
8356,3
8373,1
8382,1
8417,1
8473,1
8475,1
8477,1
8478,1
8479,1
8481,17
8489,1
8492,1
8495,1
8497,1
8499,1
8522,1
8523,1
8524,1
8527,3
8529,6
8539,3
8550,1
8611,1
8628,2
8630,2
8642,2
8646,3
8665,1
8671,1
8674,1
8677,1
8694,1
8697,1
8700,1
8727,3
8728,1
8732,1
8734,1
8737,3
8742,1
8760,1
8778,1
8791,3
8792,7
8796,1
8804,1
8807,1
8808,1
8813,1
8821,1
8827,3
8829,1
8833,12
8836,2
8837,1
8840,1
8841,1
8842,1
8843,1
8844,2
8845,3
8846,1
8847,1
8848,1
8849,1
8854,1
8857,1
8863,1
8871,1
8872,1
8874,1
8875,1
8880,2
8890,1
8892,1
8894,1
8895,1
8898,1
8899,3
8907,1
8908,2
8916,1
8918,1
8922,1
8925,1
8929,1
8948,1
8950,1
8954,2
8958,1
8962,1
8981,1
8985,1
8989,2
8990,3
9012,2
9041,1
9042,2
9044,1
9065,1
9075,1
9082,2
9115,2
9116,3
9117,2
9122,2
9126,2
9127,2
9128,1
9132,2
9133,1
9135,3
9140,1
9152,3
9153,1
9154,1
9156,1
9161,1
9167,1
9171,4
9172,4
9178,9
9179,15
9180,1
9184,3
9186,12
9187,1
9188,3
9191,1
9192,1
9202,1
9203,1
9206,1
9207,1
9214,1
9215,1
9218,1
9220,1
9221,1
9222,1
9224,1
9227,1
9228,2
9230,5
9235,1
9236,1
9238,1
9239,1
9249,3
9252,19
9253,1
9254,1
9255,11
9256,2
9257,1
9264,2
9265,3
9266,15
9267,9
9268,2
9271,12
9272,4
9276,8
9277,14
9280,2
9281,3
9284,12
9286,9
9290,8
9291,11
9293,1
9297,9
9300,11
9302,3
9303,1
9304,2
9305,18
9309,13
9310,3
9311,2
9314,10
9315,1
9318,8
9320,15
9321,14
9324,2
9325,18
9326,2
9327,1
9328,7
9329,1
9330,10
9331,3
9332,5
9334,9
9335,1
9337,8
9341,2
9344,1
9345,13
9346,2
9349,3
9351,1
9355,5
9356,3
9357,5
9358,6
9359,3
9360,8
9361,11
9363,1
9364,6
9365,7
9367,2
9368,2
9369,3
9370,17
9371,3
9372,2
9376,2
9377,5
9381,7
9382,4
9388,4
9394,1
9395,13
9397,2
9400,8
9405,2
9407,6
9408,1
9409,8
9410,1
9411,2
9412,1
9413,12
9414,2
9417,8
9418,1
9424,1
9426,11
9430,12
9431,13
9435,17
9436,1
9438,4
9439,27
9447,1
9451,3
9452,1
9454,7
9455,24
9456,22
9457,18
9458,4
9460,2
9461,11
9462,22
9463,2
9464,1
9465,2
9468,8
9469,7
9470,5
9475,18
9477,16
9480,26
9481,7
9483,1
9487,12
9488,1
9490,23
9491,6
9494,1
9498,21
9501,8
9502,12
9507,22
9508,8
9509,1
9510,6
9512,5
9513,23
9517,19
9518,3
9519,5
9520,6
9522,15
9524,9
9527,11
9528,19
9529,20
9530,4
9531,17
9532,8
9535,4
9536,19
9537,22
9538,3
9539,15
9541,3
9542,15
9544,19
9545,23
9546,14
9547,2
9548,2
9549,18
9550,4
9555,2
9560,3
9561,1
9562,1
9564,1
9567,10
9568,8
9571,5
9578,24
9579,18
9585,4
9588,4
9589,1
9594,2
9595,21
9596,4
9597,4
9598,1
9599,1
9601,1
9603,17
9605,2
9608,17
9609,23
9610,22
9611,2
9612,1
9613,22
9614,16
9618,18
9625,9
9629,5
9630,2
9632,11
9634,1
9646,1
9647,3
9648,15
9649,2
9650,1
9653,1
9654,18
9658,3
9660,4
9664,3
9665,11
9666,1
9667,3
9669,2
9670,2
9671,7
9672,1
9673,1
9674,1
9676,1
9679,16
9680,15
9682,1
9683,12
9685,8
9686,2
9687,1
9688,21
9689,1
9690,1
9692,5
9693,3
9694,4
9695,7
9696,2
9699,15
9700,2
9702,8
9704,1
9705,9
9706,4
9707,1
9708,2
9709,4
9710,2
9714,12
9716,1
9717,14
9718,13
9721,4
9722,5
9725,20
9726,5
9727,1
9728,1
9731,12
9732,4
9734,24
9735,8
9736,20
9737,3
9738,11
9739,1
9740,1
9742,4
9743,22
9744,1
9745,17
9746,19
9747,15
9750,1
9751,13
9752,3
9753,1
9754,12
9755,2
9756,9
9757,6
9758,11
9759,6
9760,6
9766,10
9767,1
9768,25
9769,7
9770,10
9771,1
9773,7
9776,7
9778,4
9784,1
9785,2
9790,2
9792,1
9794,1
9795,2
9800,1
9804,1
9806,16
9807,1
9808,3
9811,12
9816,1
9817,1
9818,2
9819,11
9820,5
9821,2
9823,1
9825,1
9830,1
9831,14
9832,1
9833,2
9835,17
9836,19
9841,8
9843,2
9844,1
9845,23
9848,9
9849,1
9850,2
9851,3
9853,6
9857,2
9858,13
9861,1
9862,3
9864,5
9866,3
9867,2
9880,1
9884,1
9885,15
9890,1
9891,4
9892,22
9894,16
9896,21
9897,23
9898,2
9899,3
9901,9
9903,1
9905,1
9907,6
9908,1
9910,22
9911,3
9912,8
9915,1
9916,1
9919,1
9920,16
9921,1
9922,1
9923,1
9925,3
9927,8
9928,3
9929,11
9931,2
9934,12
9939,2
9943,6
9945,1
9949,20
9952,1
9956,3
9959,13
9960,3
9965,2
9966,4
9967,14
9968,2
9970,3
9973,8
9974,2
9975,4
9979,19
9980,1
9982,1
9985,1
9989,10
9990,1
9991,14
9992,1
9994,10
9995,3
9998,23
10000,2
10004,1
10008,5
10016,1
10017,1
10020,8
10021,8
10022,3
10028,7
10029,1
10030,1
10032,1
10033,2
10034,6
10038,5
10040,1
10041,1
10042,4
10043,3
10045,20
10046,16
10047,6
10048,13
10049,23
10050,3
10051,3
10052,1
10055,2
10056,14
10057,3
10058,3
10059,4
10060,1
10061,2
10065,1
10067,1
10068,23
10069,1
10070,5
10071,4
10075,2
10078,3
10080,3
10081,5
10083,8
10094,2
10095,9
10096,6
10097,5
10099,8
10100,2
10107,16
10109,17
10110,16
10112,10
10113,14
10114,2
10115,18
10116,17
10119,10
10120,21
10122,8
10123,1
10124,9
10126,13
10127,6
10128,26
10129,5
10130,4
10131,1
10132,9
10133,1
10134,9
10135,11
10136,2
10137,17
10138,3
10139,1
10140,5
10141,1
10143,5
10146,6
10147,1
10150,4
10161,19
10162,2
10164,4
10167,14
10168,16
10172,9
10175,5
10181,13
10184,6
10185,1
10189,12
10190,2
10191,1
10192,6
10193,8
10195,18
10197,10
10198,11
10200,4
10201,2
10207,3
10208,1
10209,1
10210,9
10211,15
10213,7
10214,1
10220,18
10221,1
10232,1
10233,1
10235,17
10239,2
10240,3
10241,2
10242,14
10244,1
10254,2
10288,24
10289,3
10290,12
10291,21
10296,9
10300,2
10304,16
10310,1
10317,3
10319,1
10329,5
10330,2
10331,1
10335,20
10339,6
10340,8
10346,6
10348,3
10349,1
10350,1
10352,1
10353,3
10355,15
10356,2
10357,1
10378,2
10379,2
10380,9
10381,1
10384,1
10402,1
10403,10
10405,4
10406,1
10407,2
10408,1
10410,5
10412,1
10416,1
10417,2
10422,1
10426,1
10428,1
10429,3
10431,3
10432,13
10433,1
10434,13
10438,1
10440,3
10442,18
10444,3
10445,2
10453,4
10459,7
10467,1
10471,1
10474,1
10478,1
10481,2
10482,7
10483,10
10485,1
10486,1
10489,8
10490,3
10495,5
10500,1
10504,13
10505,6
10507,4
10511,16
10513,1
10517,2
10518,10
10519,6
10523,1
10532,21
10534,7
10536,19
10537,1
10542,1
10543,2
10544,8
10549,1
10550,1
10554,1
10555,1
10557,1
10558,13
10559,4
10562,1
10563,1
10564,1
10568,1
10570,6
10573,11
10579,15
10582,1
10586,2
10589,4
10591,18
10592,14
10596,1
10597,22
10598,1
10600,17
10602,1
10603,12
10604,1
10607,2
10610,18
10611,1
10617,5
10619,1
10622,1
10639,1
10642,15
10644,2
10652,7
10653,1
10658,6
10659,1
10660,1
10664,1
10665,1
10666,11
10667,1
10673,1
10675,2
10676,1
10677,2
10678,20
10679,2
10680,1
10682,14
10686,2
10695,6
10698,4
10699,1
10700,1
10701,1
10707,2
10712,1
10713,23
10715,7
10716,3
10720,1
10724,9
10727,1
10728,2
10731,1
10733,14
10741,19
10745,9
10746,1
10764,8
10777,8
10778,3
10782,1
10783,15
10787,1
10789,1
10794,15
10796,5
10797,7
10800,1
10801,2
10802,3
10803,4
10805,1
10809,3
10810,19
10818,11
10819,23
10820,3
10821,6
10823,20
10824,1
10839,5
10845,6
10850,7
10852,1
10853,1
10857,4
10859,8
10860,18
10862,4
10867,8
10872,1
10874,2
10879,11
10881,1
10883,3
10884,1
10885,7
10888,3
10889,3
10892,4
10895,1
10896,14
10898,10
10920,1
10924,1
10930,5
10944,1
10953,12
10954,2
10955,1
10957,1
10958,2
10959,1
10960,1
10961,10
10964,4
10966,1
10970,1
10973,1
10974,1
10976,7
10977,23
10978,5
10979,5
10980,1
10981,1
10983,19
10984,20
10985,10
10986,2
10988,1
10990,2
10992,17
10993,5
10994,15
10995,8
11001,1
11005,1
11007,1
11009,2
11012,1
11016,1
11017,1
11020,14
11021,1
11022,8
11023,1
11025,5
11027,12
11029,3
11031,22
11038,10
11039,1
11040,1
11043,8
11045,3
11058,1
11062,1
11063,1
11064,6
11066,1
11067,2
11074,9
11078,1
11079,1
11087,1
11105,2
11113,19
11114,11
11115,1
11116,16
11117,20
11118,1
11120,14
11121,19
11122,11
11123,10
11125,2
11126,6
11127,1
11134,2
11145,1
11146,8
11150,1
11161,3
11162,1
11163,4
11164,1
11166,3
11170,1
11172,1
11173,1
11176,5
11177,1
11178,2
11180,12
11181,11
11182,15
11183,1
11185,5
11186,2
11189,5
11191,6
11194,1
11196,6
11199,6
11201,10
11202,5
11203,1
11208,11
11209,1
11210,1
11212,5
11215,1
11216,1
11218,10
11219,6
11222,14
11224,10
11225,8
11230,8
11231,2
11232,2
11234,1
11235,11
11236,1
11242,1
11244,3
11247,14
11248,2
11249,3
11262,12
11263,6
11264,2
11267,4
11268,1
11269,4
11274,1
11276,2
11277,14
11278,1
11281,5
11287,6
11290,1
11292,6
11299,1
11301,13
11303,10
11305,1
11306,4
11307,4
11308,1
11309,1
11314,3
11321,18
11322,11
11323,2
11326,3
11327,17
11328,1
11329,1
11330,1
11331,2
11333,1
11335,7
11336,7
11337,1
11339,2
11340,2
11346,8
11350,18
11351,10
11352,1
11354,2
11356,12
11359,22
11365,12
11368,15
11370,10
11381,9
11382,1
11383,1
11385,1
11388,6
11391,3
11395,3
11396,2
11401,1
11409,1
11411,6
11412,1
11417,1
11418,18
11421,3
11425,1
11431,2
11432,15
11436,13
11437,19
11438,1
11440,19
11441,4
11443,7
11447,1
11452,10
11455,2
11458,1
11460,4
11462,3
11466,1
11469,1
11479,1
11480,3
11482,2
11488,2
11503,5
11504,3
11505,11
11506,3
11507,2
11508,20
11509,6
11511,6
11513,1
11523,3
11530,3
11533,3
11534,2
11537,2
11539,9
11541,5
11542,19
11543,1
11546,8
11547,4
11549,10
11550,14
11551,5
11553,7
11556,7
11557,1
11561,17
11566,20
11567,2
11571,16
11575,4
11578,16
11579,4
11580,2
11581,1
11584,4
11592,5
11595,5
11601,12
11602,6
11603,5
11604,13
11605,1
11606,1
11608,1
11610,3
11612,2
11618,2
11620,2
11621,1
11623,1
11632,15
11654,5
11655,11
11656,13
11658,9
11659,18
11661,3
11662,1
11663,1
11664,1
11666,5
11667,1
11674,9
11678,1
11679,6
11681,2
11684,2
11685,3
11686,19
11690,1
11693,5
11699,1
11700,7
11703,1
11710,2
11712,9
11717,2
11719,1
11720,13
11722,5
11726,8
11727,3
11728,1
11729,1
11732,1
11734,12
11738,12
11739,3
11740,1
11741,1
11743,1
11752,9
11753,1
11754,1
11755,1
11756,18
11764,4
11765,5
11766,1
11767,1
11768,18
11769,4
11770,2
11771,13
11772,3
11773,2
11774,21
11776,1
11777,16
11778,3
11786,3
11789,2
11790,2
11792,1
11798,1
11799,1
11804,1
11805,1
11808,1
11810,2
11815,1
11820,2
11821,1
11831,2
11841,1
11842,1
11843,2
11847,2
11849,6
11853,6
11856,1
11864,1
11865,13
11867,3
11868,13
11869,1
11871,7
11872,2
11874,1
11875,4
11877,6
11878,2
11880,3
11881,1
11884,1
11888,1
11890,2
11891,2
11894,3
11895,3
11896,5
11897,6
11898,11
11900,14
11902,3
11904,10
11905,1
11909,3
11914,1
11916,6
11918,3
11924,2
11925,1
11926,17
11928,1
11931,1
11934,1
11936,2
11937,3
11939,1
11941,9
11942,5
11943,4
11946,10
11947,1
11953,1
11962,2
11963,1
11965,1
11968,2
11969,1
11970,2
11971,2
11972,1
11974,2
11976,1
11987,2
11989,5
11990,2
11994,8
11995,2
12011,4
12032,3
12042,2
12054,3
12062,1
12063,1
12069,5
12072,2
12083,5
12085,6
12088,3
12091,4
12092,5
12093,15
12108,4
12111,1
12123,1
12138,2
12140,1
12141,2
12146,1
12156,4
12159,1
12160,2
12161,6
12168,1
12179,1
12186,1
12191,1
12204,2
12215,2
12217,1
12218,13
12219,1
12221,18
12223,6
12225,3
12227,1
12232,5
12233,1
12234,18
12235,2
12237,18
12238,1
12239,2
12242,1
12246,19
12247,1
12248,4
12249,4
12251,4
12252,15
12253,4
12254,6
12255,1
12256,3
12259,1
12261,7
12266,13
12267,25
12268,22
12270,9
12271,20
12273,1
12275,10
12276,5
12281,6
12292,4
12295,21
12298,2
12300,1
12302,3
12303,3
12304,4
12306,1
12313,1
12317,4
12319,2
12322,19
12334,4
12337,2
12338,1
12339,8
12340,1
12342,2
12345,1
12349,10
12354,1
12357,2
12358,7
12359,4
12360,19
12363,3
12365,1
12366,5
12368,1
12370,1
12372,1
12376,14
12378,3
12382,1
12397,1
12415,4
12417,10
12418,1
12422,2
12429,1
12431,5
12432,2
12434,1
12435,9
12440,1
12444,1
12449,1
12453,1
12456,4
12457,8
12458,3
12463,1
12465,9
12469,1
12472,1
12476,1
12480,3
12482,1
12483,1
12485,1
12487,2
12490,11
12491,1
12492,1
12494,1
12495,5
12500,2
12501,4
12503,1
12505,1
12508,9
12510,8
12513,2
12518,8
12523,1
12524,4
12525,24
12526,12
12527,23
12528,5
12529,1
12532,1
12533,1
12534,5
12535,2
12541,1
12547,1
12548,1
12549,2
12550,1
12551,1
12557,1
12563,14
12564,2
12565,10
12567,4
12568,2
12569,6
12570,9
12571,1
12572,1
12573,11
12574,17
12575,17
12578,1
12579,3
12581,1
12582,10
12583,1
12584,13
12586,20
12587,2
12588,24
12590,15
12591,4
12592,12
12594,20
12595,1
12600,15
12603,1
12607,5
12608,1
12616,1
12617,1
12618,1
12620,19
12621,18
12623,23
12624,7
12627,5
12631,1
12633,3
12636,4
12638,9
12641,21
12642,3
12647,8
12648,2
12649,1
12650,2
12660,3
12666,3
12667,3
12670,1
12674,4
12676,16
12683,1
12689,1
12691,3
12692,9
12693,3
12694,1
12696,1
12697,8
12709,10
12714,2
12737,2
12738,1
12739,1
12746,3
12752,2
12753,1
12754,16
12762,2
12782,1
12787,1
12805,17
12806,1
12818,1
12821,14
12822,5
12823,1
12829,5
12830,20
12831,6
12833,7
12836,3
12844,2
12845,6
12848,7
12855,5
12858,1
12859,3
12867,1
12868,1
12869,1
12870,1
12884,1
12885,1
12894,5
12897,22
12905,2
12906,1
12907,5
12928,6
12933,1
12944,18
12948,2
12949,1
12955,14
12956,20
12961,5
12963,5
12966,2
12967,2
12971,2
12973,7
12974,1
12977,12
12979,2
12982,10
12986,1
12989,15
12990,3
12993,20
12994,3
12997,3
12998,25
12999,3
13000,4
13002,2
13004,3
13005,2
13008,6
13010,3
13011,21
13013,2
13014,7
13016,22
13019,8
13021,3
13022,12
13024,2
13025,1
13026,2
13027,1
13030,5
13031,1
13032,1
13034,1
13035,20
13036,11
13038,1
13044,2
13051,2
13054,23
13055,13
13056,2
13060,4
13069,9
13070,4
13077,2
13082,1
13088,4
13089,4
13092,2
13095,5
13096,2
13100,6
13102,3
13106,6
13107,5
13109,2
13110,1
13112,3
13113,1
13114,3
13118,1
13120,4
13125,7
13127,1
13128,8
13129,1
13131,2
13132,2
13135,7
13136,1
13137,1
13142,4
13143,3
13153,1
13154,1
13156,6
13158,3
13159,6
13160,6
13161,2
13164,2
13165,3
13166,1
13167,3
13168,3
13172,5
13174,4
13176,1
13177,1
13179,4
13185,1
13186,4
13187,1
13193,6
13196,8
13197,19
13198,7
13201,14
13203,2
13205,1
13208,1
13213,7
13216,4
13219,18
13220,4
13221,1
13222,7
13227,24
13232,1
13234,2
13236,2
13238,1
13241,1
13244,1
13246,1
13250,3
13251,2
13253,3
13267,1
13279,3
13286,4
13287,4
13288,22
13296,3
13297,7
13298,17
13299,13
13300,21
13301,19
13303,16
13307,1
13308,1
13310,3
13315,1
13316,1
13318,2
13321,9
13322,4
13326,1
13328,1
13329,1
13331,9
13332,2
13333,1
13334,3
13339,2
13344,3
13345,2
13350,12
13353,3
13354,1
13355,4
13356,1
13358,1
13360,1
13365,1
13366,10
13367,1
13368,3
13373,4
13376,1
13393,1
13395,6
13396,25
13397,2
13400,2
13404,1
13408,2
13410,6
13414,1
13415,5
13416,1
13417,8
13418,7
13421,1
13422,5
13423,8
13426,18
13428,1
13429,6
13431,5
13439,1
13444,7
13446,1
13447,3
13448,7
13450,10
13453,1
13454,3
13455,9
13456,2
13458,3
13470,1
13476,1
13484,2
13494,1
13515,2
13522,1
13529,1
13538,1
13549,1
13557,1
13559,1
13561,1
13563,1
13564,1
13577,1
13579,2
13583,1
13587,1
13589,1
13592,4
13598,1
13605,1
13612,1
13614,1
13620,1
13622,4
13624,5
13625,3
13627,4
13629,5
13630,4
13631,1
13636,3
13643,3
13645,2
13649,6
13650,1
13651,4
13655,3
13656,1
13658,1
13660,1
13663,1
13664,1
13667,4
13670,8
13677,2
13684,1
13687,1
13699,4
13713,1
13724,1
13765,6
13766,2
13772,1
13773,4
13795,1
13796,1
13805,1
13806,3
13826,2
13847,2
13849,2
13862,1
13868,2
13870,1
13875,4
13881,2
13883,8
13884,6
13885,5
13886,1
13888,2
13894,1
13895,1
13896,1
13900,1
13901,8
13910,17
13911,5
13912,1
13913,8
13919,7
13920,13
13926,2
13928,4
13929,12
13930,3
13931,4
13935,1
13944,11
13946,1
13947,20
13948,6
13949,2
13956,1
13960,1
13961,11
13963,9
13965,11
13969,2
13973,1
13978,7
13988,1
13989,1
13990,2
13994,11
13995,3
14000,1
14001,1
14002,11
14003,2
14006,1
14009,11
14010,1
14016,6
14017,18
14018,5
14019,10
14020,5
14021,3
14024,1
14025,2
14026,1
14029,15
14032,1
14033,5
14035,5
14037,4
14055,3
14056,1
14057,3
14062,1
14063,1
14069,1
14070,1
14071,4
14078,2
14081,2
14082,4
14084,2
14085,3
14086,2
14088,3
14089,2
14094,4
14097,2
14102,4
14103,2
14104,1
14107,7
14111,4
14112,3
14113,2
14114,3
14116,5
14117,3
14120,1
14122,1
14124,4
14129,1
14135,3
14137,1
14139,6
14140,1
14143,17
14145,1
14147,1
14149,18
14152,5
14153,2
14156,1
14157,1
14161,1
14167,2
14168,1
14170,1
14172,3
14173,9
14174,1
14175,17
14177,7
14179,1
14182,18
14183,25
14184,4
14187,1
14188,24
14190,3
14191,17
14192,5
14194,19
14196,8
14197,19
14198,5
14201,3
14203,1
14204,10
14210,15
14211,2
14215,4
14216,12
14217,1
14218,5
14219,10
14220,4
14221,2
14222,16
14223,3
14225,2
14226,7
14227,18
14228,1
14229,15
14230,1
14232,1
14234,3
14235,1
14238,1
14239,2
14240,17
14243,1
14244,1
14245,1
14248,15
14250,4
14252,23
14253,4
14254,28
14255,2
14256,1
14257,1
14258,3
14261,4
14262,1
14268,1
14270,5
14277,1
14278,15
14279,6
14280,4
14285,2
14286,12
14287,22
14288,2
14289,1
14291,7
14292,10
14296,18
14297,1
14299,1
14300,4
14301,1
14302,4
14308,2
14309,2
14312,13
14313,3
14314,16
14315,21
14317,6
14318,1
14321,5
14336,1
14337,1
14339,2
14340,1
14341,1
14343,1
14346,1
14357,2
14358,1
14359,1
14360,1
14364,1
14374,1
14379,1
14382,1
14384,1
14392,2
14401,4
14407,1
14408,21
14410,3
14411,2
14418,1
14419,2
14421,3
14425,11
14427,20
14428,20
14429,11
14432,1
14434,1
14438,3
14446,1
14450,1
14463,1
14465,2
14466,4
14469,1
14473,1
14476,1
14482,1
14488,2
14490,1
14491,1
14499,1
14500,1
14508,1
14522,1
14524,2
14528,1
14531,1
14533,1
14536,1
14538,1
14539,3
14543,1
14547,1
14551,1
14561,1
14562,1
14566,3
14569,14
14570,3
14576,1
14581,12
14582,6
14583,1
14585,1
14586,3
14590,1
14591,1
14592,1
14594,2
14600,2
14604,1
14608,3
14611,1
14612,1
14615,3
14616,1
14625,2
14631,1
14635,2
14645,1
14651,2
14653,1
14654,1
14658,1
14660,1
14665,3
14666,1
14667,1
14669,4
14672,1
14673,2
14674,2
14676,2
14677,1
14678,1
14682,3
14686,1
14688,1
14693,18
14696,1
14699,1
14704,1
14707,1
14710,2
14711,3
14714,1
14715,7
14716,2
14722,2
14725,2
14731,1
14738,4
14740,1
14742,5
14743,1
14748,1
14750,1
14751,1
14754,1
14759,1
14763,1
14764,1
14765,1
14767,3
14768,3
14769,1
14770,1
14776,1
14780,15
14787,3
14792,14
14796,8
14799,2
14801,13
14802,10
14804,20
14807,16
14809,5
14810,4
14811,18
14812,3
14813,3
14817,7
14819,7
14821,3
14822,9
14823,13
14825,23
14828,1
14832,4
14833,16
14834,26
14835,15
14836,3
14837,9
14838,11
14841,15
14842,4
14843,1
14844,20
14846,10
14847,1
14849,4
14851,10
14852,6
14853,5
14855,1
14856,3
14857,5
14862,3
14864,13
14865,5
14866,3
14867,5
14868,6
14871,6
14872,17
14873,1
14875,16
14876,23
14877,19
14878,11
14879,14
14881,6
14882,2
14885,19
14886,2
14887,5
14888,18
14890,1
14891,22
14893,1
14894,2
14895,6
14896,2
14897,1
14898,2
14899,21
14900,6
14901,3
14902,4
14907,3
14908,16
14909,5
14910,15
14911,1
14912,1
14914,5
14915,21
14917,15
14918,2
14919,13
14924,4
14925,1
14926,1
14927,5
14928,25
14929,3
14931,3
14934,21
14936,2
14937,3
14940,3
14943,11
14944,1
14945,1
14947,1
14948,12
14953,8
14955,19
14957,13
14958,3
14960,3
14961,7
14962,3
14963,14
14964,1
14966,7
14970,1
14971,2
14972,3
14975,25
14976,3
14978,5
14979,15
14983,1
14985,14
14986,1
14987,20
14989,9
14992,1
14993,1
14994,6
14995,2
14996,11
14997,1
14998,1
15000,16
15006,16
15007,10
15008,1
15010,4
15011,1
15012,7
15014,9
15018,1
15019,1
15020,10
15021,8
15022,6
15023,1
15024,1
15025,13
15032,5
15033,18
15036,1
15037,23
15038,11
15040,9
15042,4
15043,20
15047,1
15057,15
15058,3
15059,3
15065,3
15068,15
15070,1
15072,11
15075,16
15076,25
15077,4
15078,4
15079,20
15080,6
15081,3
15082,3
15085,3
15088,1
15091,10
15092,11
15093,7
15094,1
15095,7
15101,2
15102,2
15104,5
15105,1
15108,13
15109,2
15118,10
15119,5
15124,24
15125,11
15130,1
15132,1
15133,15
15134,1
15136,19
15139,1
15140,1
15148,12
15150,1
15151,24
15152,2
15156,25
15161,6
15162,1
15167,1
15169,1
15171,2
15173,4
15174,6
15178,2
15180,1
15181,2
15182,2
15184,13
15186,3
15187,11
15190,17
15191,3
15194,1
15195,4
15197,2
15198,1
15201,3
15203,2
15204,2
15207,2
15209,3
15214,5
15220,1
15224,18
15226,3
15227,3
15228,1
15230,1
15231,2
15232,4
15233,1
15234,1
15238,2
15240,3
15250,3
15254,3
15255,3
15256,6
15257,3
15259,7
15260,3
15263,5
15266,1
15268,1
15269,2
15270,3
15271,2
15272,1
15275,1
15276,1
15278,3
15280,2
15283,3
15285,1
15286,1
15288,2
15289,2
15290,1
15293,1
15301,3
15302,1
15303,1
15305,1
15308,5
15309,2
15310,1
15312,2
15314,1
15315,1
15316,5
15317,20
15319,10
15320,4
15324,25
15325,6
15327,1
15328,1
15329,21
15330,1
15332,1
15349,2
15350,8
15351,2
15355,1
15358,9
15359,2
15361,2
15362,3
15364,19
15366,19
15368,5
15375,9
15376,1
15377,1
15378,2
15379,1
15382,4
15383,1
15385,1
15386,2
15390,4
15400,1
15403,20
15404,3
15407,13
15413,1
15414,1
15415,7
15434,2
15435,3
15438,1
15442,1
15444,3
15449,1
15461,4
15462,3
15463,10
15464,2
15467,7
15468,1
15469,5
15471,1
15472,1
15473,1
15474,7
15475,2
15476,1
15477,1
15481,4
15482,22
15484,3
15485,9
15486,6
15489,2
15492,5
15495,14
15497,1
15498,5
15499,22
15500,4
15501,1
15504,1
15507,4
15508,16
15509,4
15510,15
15511,12
15512,1
15514,5
15515,11
15516,17
15517,3
15519,21
15520,6
15521,2
15522,7
15523,10
15524,3
15525,11
15529,11
15530,10
15531,9
15532,18
15533,7
15534,2
15535,1
15536,9
15537,10
15538,2
15539,3
15540,16
15541,19
15542,7
15543,21
15545,4
15546,3
15548,5
15549,5
15550,14
15551,14
15552,13
15554,16
15555,3
15556,16
15558,1
15559,1
15560,2
15561,2
15562,1
15565,7
15566,14
15568,4
15569,6
15570,21
15571,2
15572,2
15573,16
15574,17
15575,3
15576,6
15577,1
15579,1
15580,15
15583,14
15584,14
15585,7
15586,13
15587,2
15588,19
15589,16
15590,17
15591,13
15592,4
15593,19
15595,17
15596,13
15597,12
15598,21
15599,8
15600,6
15606,20
15607,8
15608,2
15609,14
15610,3
15611,1
15612,5
15613,4
15615,8
15616,1
15617,6
15618,7
15619,4
15620,5
15621,4
15623,7
15625,2
15626,3
15627,6
15628,3
15629,1
15630,3
15631,3
15632,2
15633,4
15634,3
15635,2
15636,4
15637,14
15638,1
15639,2
15640,15
15641,4
15642,15
15643,7
15644,1
15645,17
15648,4
15649,18
15650,1
15651,8
15652,15
15656,4
15657,3
15658,4
15660,1
15661,6
15662,6
15663,17
15664,24
15674,1
15680,3
15684,4
15685,24
15686,7
15687,3
15688,12
15689,1
15697,3
15701,4
15707,1
15709,21
15710,4
15714,14
15715,4
15716,6
15721,1
15722,14
15725,2
15726,21
15727,3
15728,7
15729,14
15730,1
15731,1
15733,1
15734,1
15735,25
15738,5
15741,6
15743,2
15744,5
15745,5
15747,1
15748,3
15750,4
15751,2
15752,2
15753,5
15755,3
15756,2
15757,4
15760,5
15761,3
15763,2
15764,4
15765,1
15766,1
15767,4
15768,3
15769,4
15770,9
15771,1
15772,6
15773,7
15774,5
15775,1
15776,3
15777,1
15778,2
15779,3
15780,5
15781,7
15782,4
15783,8
15784,1
15786,1
15787,3
15788,1
15792,3
15793,9
15795,7
15796,4
15797,6
15798,5
15799,8
15800,2
15801,8
15802,3
15803,1
15804,1
15805,7
15806,3
15807,5
15808,3
15809,2
15810,4
15811,1
15812,3
15813,2
15814,8
15815,6
15816,6
15818,2
15821,7
15823,3
15825,9
15827,6
15828,7
15829,3
15831,9
15832,1
15835,1
15836,4
15838,1
15839,5
15840,1
15841,4
15842,6
15843,7
15844,3
15845,4
15846,2
15847,7
15848,5
15849,2
15850,2
15851,3
15853,7
15854,3
15855,1
15856,3
15858,2
15859,1
15860,1
15861,5
15862,1
15866,1
15867,3
15869,3
15870,1
15872,3
15873,1
15874,1
15875,1
15876,3
15877,1
15878,2
15879,2
15880,5
15881,2
15882,5
15883,4
15884,3
15885,3
15887,4
15888,1
15890,3
15891,1
15892,6
15893,1
15894,3
15895,2
15896,2
15897,2
15899,4
15900,1
15901,1
15902,3
15903,2
15904,3
15905,5
15906,1
15907,6
15909,3
15910,3
15911,3
15912,2
15913,3
15914,2
15915,1
15916,18
15917,16
15919,24
15920,13
15921,2
15924,3
15934,19
15935,6
15936,13
15937,1
15938,2
15939,2
15940,1
15942,3
15944,4
15946,12
15947,1
15948,1
15949,20
15951,7
15953,10
15954,4
15957,7
15958,1
15964,1
15968,1
15969,1
15972,5
15975,1
15976,1
15983,16
15988,20
15991,8
15992,5
15993,3
15994,1
15996,18
15997,11
15998,5
15999,3
16001,18
16011,1
16012,4
16013,2
16014,1
16015,10
16016,1
16017,27
16020,10
16021,18
16023,10
16024,16
16025,7
16026,5
16027,5
16028,2
16037,4
16038,1
16039,2
16041,1
16042,3
16044,2
16049,4
16050,3
16051,5
16052,2
16053,2
16056,1
16060,3
16061,6
16062,1
16063,4
16066,2
16067,5
16068,5
16069,7
16070,2
16075,1
16079,1
16080,1
16084,1
16089,1
16091,3
16092,1
16093,3
16094,1
16096,3
16098,3
16100,2
16103,2
16104,6
16110,2
16112,1
16114,1
16115,5
16116,1
16118,3
16119,3
16122,1
16124,6
16128,3
16137,4
16138,3
16141,2
16142,2
16143,2
16144,1
16146,1
16149,1
16150,1
16152,1
16154,1
16155,1
16156,1
16157,1
16158,1
16159,4
16170,3
16171,2
16174,6
16175,6
16177,5
16178,1
16179,4
16180,1
16183,1
16184,2
16186,3
16187,1
16189,2
16192,2
16193,1
16197,1
16198,1
16199,2
16201,3
16202,6
16203,3
16204,4
16206,2
16207,2
16208,4
16210,5
16211,1
16213,1
16216,1
16217,1
16219,1
16220,2
16221,1
16231,1
16233,3
16236,1
16237,3
16239,1
16243,3
16245,6
16248,5
16249,2
16250,1
16255,1
16256,2
16257,5
16258,5
16259,4
16261,4
16262,1
16264,3
16265,2
16271,3
16274,1
16276,2
16282,6
16285,2
16286,3
16290,2
16292,2
16297,6
16301,1
16314,2
16316,4
16317,3
16318,2
16319,2
16321,3
16322,3
16324,3
16325,3
16326,7
16327,1
16329,4
16330,1
16332,1
16333,1
16352,4
16353,1
16357,5
16359,4
16361,1
16362,3
16368,2
16370,5
16372,4
16376,2
16379,6
16381,4
16382,2
16384,3
16386,1
16387,3
16388,1
16389,2
16390,2
16391,2
16398,2
16400,1
16404,4
16405,2
16409,1
16412,4
16415,3
16416,5
16417,5
16419,1
16420,6
16423,2
16424,1
16425,1
16427,4
16429,3
16430,1
16433,1
16437,3
16438,1
16439,1
16444,3
16456,4
16458,1
16460,1
16465,1
16467,2
16473,1
16475,2
16476,1
16480,1
16484,2
16485,1
16494,2
16501,1
16504,2
16505,1
16509,2
16512,3
16513,1
16517,3
16518,2
16523,2
16524,2
16528,1
16529,2
16530,3
16531,5
16532,6
16533,1
16541,2
16542,1
16543,1
16544,4
16550,1
16552,11
16605,3
16607,1
16619,3
16622,2
16623,6
16625,15
16626,6
16630,1
16631,2
16633,20
16634,3
16636,3
16652,19
16653,1
16657,4
16658,1
16659,4
16663,4
16664,2
16665,7
16673,1
16678,2
16680,5
16683,1
16684,5
16688,13
16689,14
16693,9
16718,1
16719,2
16721,2
16728,1
16729,2
16730,1
16734,1
16742,7
16744,1
16747,3
16748,1
16750,6
16758,1
16760,6
16762,1
16764,2
16766,1
16778,2
16779,3
16780,2
16781,5
16782,4
16783,1
16785,6
16786,1
16787,1
16789,1
16790,3
16792,3
16793,3
16794,2
16795,6
16797,2
16799,7
16802,5
16803,8
16804,3
16805,1
16806,5
16808,4
16813,6
16814,1
16815,2
16817,1
16818,1
16819,3
16820,7
16821,3
16822,2
16823,6
16824,5
16825,2
16826,2
16827,2
16829,5
16830,2
16832,2
16833,6
16834,9
16836,6
16837,2
16838,3
16839,3
16851,1
16866,1
16873,2
16878,1
16889,1
16890,1
16892,1
16898,19
16899,9
16900,5
16902,8
16903,1
16911,4
16913,1
16917,1
16920,23
16921,5
16922,4
16923,4
16926,2
16930,1
16931,14
16932,26
16934,3
16935,7
16936,22
16937,4
16939,1
16940,1
16942,18
16944,22
16945,8
16946,7
16951,2
16952,16
16956,16
16957,8
16958,3
16959,17
16961,1
16962,10
16968,8
16969,1
16970,11
16972,5
16973,4
16974,3
16978,1
16980,17
16981,12
16982,4
16987,5
16988,1
16989,15
16991,2
16992,20
16995,4
16996,2
16998,1
16999,10
17000,9
17001,3
17002,4
17004,5
17005,6
17006,7
17007,1
17008,20
17009,11
17011,2
17012,9
17014,16
17015,10
17016,14
17017,1
17018,1
17019,11
17021,4
17022,3
17030,1
17031,6
17032,21
17033,23
17034,12
17037,7
17038,3
17040,21
17052,1
17053,1
17054,7
17055,6
17056,5
17057,4
17079,19
17082,1
17084,1
17099,1
17102,21
17104,2
17107,1
17108,1
17109,11
17110,1
17111,4
17119,2
17121,1
17122,2
17123,1
17126,6
17127,4
17128,4
17129,1
17130,13
17131,1
17141,1
17144,9
17147,1
17148,1
17152,15
17153,1
17154,3
17157,1
17160,1
17163,1
17164,7
17167,14
17172,3
17174,1
17179,2
17180,1
17182,5
17185,1
17190,18
17191,2
17192,11
17193,14
17194,11
17196,13
17197,6
17198,11
17199,2
17202,18
17203,4
17204,14
17206,2
17207,2
17208,3
17209,6
17211,15
17212,6
17213,1
17217,1
17218,1
17221,6
17235,1
17245,8
17246,1
17248,18
17249,15
17251,10
17252,1
17253,3
17255,6
17256,6
17258,4
17259,17
17260,2
17261,13
17262,14
17263,8
17264,11
17265,2
17266,6
17267,6
17270,4
17271,1
17272,4
17273,14
17274,7
17277,1
17279,8
17280,3
17283,1
17284,8
17285,9
17286,14
17287,9
17289,4
17290,4
17291,5
17292,1
17293,7
17299,7
17300,3
17301,3
17302,6
17303,3
17304,3
17305,3
17306,2
17307,1
17308,9
17310,5
17311,3
17315,4
17316,5
17317,3
17318,3
17319,5
17320,10
17321,1
17322,12
17323,8
17324,3
17328,6
17329,2
17330,4
17331,17
17332,11
17335,1
17339,23
17340,4
17342,6
17343,3
17344,1
17345,10
17347,3
17348,23
17349,5
17353,18
17355,1
17357,20
17358,26
17359,2
17360,3
17361,10
17362,1
17363,2
17365,3
17366,1
17370,1
17371,1
17376,21
17379,3
17380,23
17382,4
17383,7
17384,1
17385,3
17386,8
17388,2
17390,9
17393,5
17394,18
17396,5
17397,2
17398,1
17400,1
17401,16
17404,2
17405,2
17406,1
17408,1
17409,4
17412,5
17415,6
17417,6
17419,1
17420,18
17421,10
17422,2
17423,9
17427,2
17429,6
17430,7
17431,16
17433,1
17434,4
17435,1
17439,14
17444,3
17445,9
17450,24
17453,13
17457,14
17461,20
17462,3
17463,2
17464,23
17465,7
17467,10
17468,5
17472,3
17476,18
17477,17
17478,15
17479,17
17480,5
17483,1
17484,16
17487,1
17488,2
17493,1
17494,3
17496,20
17497,22
17499,1
17502,9
17509,4
17510,1
17513,1
17515,7
17517,1
17520,6
17521,5
17522,22
17523,5
17526,1
17527,18
17529,5
17532,1
17533,10
17534,1
17535,7
17536,1
17540,1
17541,17
17543,5
17544,5
17546,11
17556,4
17557,4
17560,3
17561,3
17564,2
17567,4
17572,1
17577,5
17578,9
17579,9
17580,1
17583,5
17585,4
17587,2
17624,1
17640,4
17646,2
17648,4
17650,2
17651,1
17652,2
17656,5
17657,9
17659,2
17660,5
17663,1
17666,3
17669,3
17671,8
17673,1
17680,3
17682,3
17686,4
17687,1
17693,2
17694,1
17701,4
17705,5
17706,5
17711,1
17712,5
17714,2
17716,4
17717,1
17719,8
17722,4
17724,4
17728,1
17729,5
17731,4
17732,3
17737,1
17740,6
17741,1
17748,2
17751,1
17755,2
17757,4
17761,3
17763,3
17764,1
17765,1
17767,3
17768,3
17770,3
17772,1
17775,3
17776,8
17777,2
17780,1
17781,2
17782,2
17785,2
17786,8
17787,2
17789,2
17796,2
17798,4
17801,1
17802,6
17803,4
17804,11
17806,2
17807,1
17813,1
17815,20
17816,2
17819,1
17820,12
17823,1
17824,7
17825,1
17827,1
17828,1
17829,1
17830,1
17835,18
17836,1
17838,2
17840,4
17841,9
17842,11
17844,1
17845,2
17849,3
17850,3
17851,1
17853,18
17854,1
17865,8
17867,5
17869,5
17872,5
17876,4
17877,4
17878,1
17879,2
17880,2
17881,3
17885,1
17886,1
17887,1
17888,4
17890,5
17891,2
17892,5
17893,1
17894,2
17895,2
17896,2
17897,4
17898,3
17899,1
17902,1
17903,16
17906,9
17908,1
17910,1
17928,7
17929,5
17936,1
17938,1
17945,1
17966,1
17970,1
17982,2
17988,3
18050,1
18066,1
18106,1
18117,1
18118,1
18119,1
18139,1
18147,1
18149,1
18152,2
18155,1
18160,5
18162,1
18167,2
18168,1
18177,2
18178,2
18179,4
18182,2
18185,2
18187,1
18208,4
18209,1
18214,2
18216,1
18220,7
18221,1
18228,2
18230,9
18234,9
18237,3
18248,1
18250,1
18253,2
18255,12
18256,2
18259,19
18263,2
18277,1
18278,21
18279,15
18283,1
18290,3
18293,4
18296,1
18297,1
18298,9
18299,2
18311,6
18313,11
18315,4
18319,2
18320,1
18322,1
18324,1
18326,1
18327,4
18341,1
18348,1
18349,2
18351,8
18353,13
18355,6
18356,10
18357,3
18358,15
18359,1
18362,5
18363,9
18364,18
18365,5
18368,17
18369,6
18379,2
18380,1
18381,2
18390,4
18393,1
18394,10
18396,3
18398,1
18400,1
18401,1
18405,1
18406,1
18407,1
18409,3
18410,12
18413,1
18416,3
18418,1
18423,2
18435,2
18436,5
18438,1
18441,1
18443,1
18448,3
18451,4
18456,10
18457,8
18458,2
18461,4
18468,1
18475,3
18477,1
18481,4
18482,14
18483,2
18484,2
18491,2
18492,13
18493,5
18498,3
18500,1
18501,1
18502,2
18505,1
18513,5
18517,10
18527,1
18531,1
18535,3
18537,1
18539,1
18540,17
18541,1
18543,6
18550,3
18551,1
18552,15
18553,3
18554,1
18555,1
18556,1
18558,3
18559,1
18562,1
18564,5
18568,2
18570,14
18573,4
18574,1
18576,3
18578,1
18587,2
18588,1
18589,1
18590,1
18591,3
18596,1
18598,1
18605,2
18607,1
18610,1
18618,1
18619,2
18625,4
18633,2
18646,1
18649,2
18650,1
18651,1
18652,1
18656,3
18657,1
18660,2
18663,1
18664,3
18669,2
18670,1
18671,4
18672,7
18673,2
18674,10
18680,18
18682,7
18684,7
18687,1
18688,1
18698,2
18699,1
18700,1
18702,1
18703,1
18704,1
18706,12
18707,1
18708,4
18710,10
18711,5
18719,1
18730,1
18732,4
18733,3
18734,17
18735,1
18736,6
18737,16
18739,4
18740,1
18741,1
18742,1
18743,13
18744,8
18745,1
18748,2
18752,1
18753,4
18754,24
18755,21
18758,7
18762,18
18764,11
18765,3
18766,18
18767,5
18768,12
18769,18
18777,4
18781,1
18783,11
18784,6
18785,5
18787,7
18788,8
18791,19
18792,1
18795,11
18796,1
18797,2
18799,19
18805,4
18809,9
18810,1
18812,1
18814,1
18817,9
18820,9
18821,1
18822,2
18828,1
18829,3
18833,2
18834,1
18846,21
18847,3
18848,2
18849,3
18851,17
18854,18
18855,16
18857,21
18858,8
18859,1
18860,17
18862,2
18865,8
18866,1
18867,2
18868,6
18875,9
18876,3
18878,16
18879,1
18880,6
18881,1
18883,17
18884,3
18885,12
18886,1
18887,5
18888,2
18889,1
18891,8
18894,20
18896,10
18897,2
18899,20
18900,4
18901,12
18902,11
18903,2
18906,14
18908,18
18910,3
18911,3
18913,1
18915,1
18916,3
18920,2
18921,3
18926,1
18927,1
18928,2
18929,1
18930,1
18931,1
18932,4
18937,1
18940,1
18944,2
18946,4
18949,1
18951,1
18952,3
18953,2
18956,2
18962,3
18964,2
18968,1
18971,4
18976,2
18981,1
18983,4
18984,3
18989,1
18992,2
18999,2
19000,19
19002,2
19005,12
19006,1
19007,1
19008,2
19010,19
19012,11
19014,2
19015,1
19016,16
19017,1
19018,6
19019,3
19021,15
19022,1
19028,6
19030,11
19031,1
19032,4
19033,17
19036,7
19041,18
19044,24
19046,5
19048,3
19051,10
19053,2
19054,3
19055,19
19056,5
19057,6
19058,3
19061,2
19063,1
19072,1
19073,21
19075,8
19078,10
19079,3
19080,1
19085,5
19086,13
19090,5
19092,5
19093,2
19096,21
19097,11
19100,4
19103,6
19109,1
19112,1
19114,1
19115,4
19116,9
19117,3
19118,3
19119,1
19120,16
19121,14
19123,1
19124,14
19125,3
19126,13
19132,2
19134,8
19135,1
19136,1
19138,5
19141,18
19142,11
19145,1
19147,2
19153,3
19154,9
19157,4
19158,3
19159,12
19161,14
19168,4
19171,4
19175,4
19176,6
19177,1
19179,7
19181,13
19182,7
19184,1
19185,10
19186,8
19188,4
19189,7
19191,12
19192,7
19193,7
19194,5
19195,13
19196,18
19197,6
19198,5
19199,1
19201,4
19202,4
19203,11
19206,23
19207,4
19208,4
19209,5
19210,5
19211,10
19214,7
19215,20
19216,6
19219,1
19228,1
19230,18
19231,15
19233,1
19235,11
19236,9
19237,2
19238,10
19239,2
19240,1
19241,11
19242,9
19244,3
19245,6
19246,14
19247,10
19248,4
19249,1
19250,18
19251,15
19252,14
19253,18
19256,10
19257,4
19258,14
19259,5
19260,2
19261,17
19262,4
19263,6
19265,12
19267,4
19268,1
19269,1
19271,2
19272,10
19273,2
19274,8
19275,3
19276,17
19277,7
19279,3
19281,1
19282,3
19283,8
19284,1
19285,1
19287,2
19289,12
19291,4
19292,20
19293,1
19294,14
19295,1
19296,1
19297,1
19299,9
19301,14
19304,1
19306,1
19307,11
19309,10
19310,7
19311,1
19312,3
19313,12
19314,4
19317,4
19322,1
19323,1
19324,15
19326,18
19332,7