"","x"
"1",4
"2",2
"7",1
"8",1
"9",3
"10",1
"18",3
"21",1
"24",3
"27",0
"28",2
"33",5
"34",2
"42",2
"46",0
"49",1
"50",1
"54",4
"56",0
"60",5
"79",0
"99",3
"104",3
"105",1
"141",1
"142",0
"166",5
"171",2
"172",0
"173",1
"180",1
"183",2
"184",1
"196",2
"197",3
"202",10
"204",11
"205",3
"206",6
"214",3
"224",1
"231",0
"232",1
"233",1
"239",4
"241",1
"246",0
"248",5
"251",2
"252",1
"263",3
"264",0
"266",3
"267",1
"273",1
"276",11
"277",1
"286",11
"291",0
"292",0
"295",1
"296",1
"299",2
"301",5
"302",0
"303",3
"304",0
"306",4
"307",0
"324",1
"325",1
"327",1
"328",1
"329",0
"358",0
"359",0
"369",1
"383",5
"384",1
"385",0
"390",4
"391",0
"396",0
"415",1
"441",6
"442",2
"444",1
"454",1
"455",2
"456",0
"474",0
"478",1
"480",1
"484",4
"487",2
"490",1
"491",1
"492",0
"493",0
"496",0
"499",2
"512",10
"513",4
"521",3
"522",2
"536",2
"537",0
"538",2
"539",5
"545",0
"550",1
"553",2
"557",2
"561",0
"562",1
"563",1
"564",13
"565",13
"567",5
"568",4
"569",5
"571",7
"572",9
"573",2
"574",3
"576",4
"577",9
"584",0
"587",10
"594",1
"606",9
"615",13
"616",13
"617",4
"618",1
"624",2
"639",15
"641",3
"642",3
"644",1
"660",9
"661",2
"664",4
"666",6
"667",4
"669",12
"671",1
"687",10
"688",4
"689",0
"690",0
"693",3
"694",6
"702",2
"703",1
"707",2
"709",4
"710",3
"711",1
"714",1
"715",1
"721",2
"722",6
"723",0
"724",5
"725",0
"728",2
"732",0
"735",0
"737",0
"739",0
"752",0
"774",7
"777",1
"793",0
"795",4
"806",1
"809",2
"814",1
"815",1
"817",1
"818",1
"821",1
"822",1
"826",0
"832",1
"833",3
"836",11
"841",1
"869",1
"872",0
"875",4
"877",1
"887",3
"888",0
"889",0
"890",1
"891",0
"893",0
"894",0
"931",1
"933",1
"938",1
"946",0
"947",0
"949",1
"951",1
"952",4
"956",2
"964",0
"965",0
"978",1
"984",1
"992",1
"993",1
"1004",2
"1010",5
"1023",0
"1029",8
"1032",2
"1033",1
"1034",2
"1050",2
"1051",1
"1052",2
"1055",0
"1057",1
"1059",1
"1060",4
"1061",3
"1062",1
"1065",1
"1067",2
"1068",2
"1070",2
"1071",1
"1073",4
"1084",1
"1085",3
"1086",0
"1094",2
"1095",3
"1096",0
"1097",0
"1102",0
"1109",1
"1124",2
"1135",1
"1136",0
"1144",3
"1151",1
"1154",2
"1160",3
"1163",4
"1173",1
"1176",2
"1177",0
"1188",1
"1192",11
"1193",0
"1194",1
"1195",0
"1196",0
"1209",21
"1210",1
"1211",2
"1212",3
"1217",3
"1218",4
"1225",3
"1229",0
"1231",3
"1232",0
"1234",4
"1235",4
"1236",1
"1237",0
"1239",21
"1240",6
"1242",10
"1243",2
"1244",1
"1245",3
"1246",16
"1248",2
"1249",2
"1252",1
"1253",3
"1254",17
"1255",23
"1256",15
"1257",4
"1258",3
"1259",1
"1260",1
"1261",5
"1262",1
"1263",7
"1264",3
"1267",12
"1268",1
"1273",5
"1298",1
"1301",12
"1309",6
"1310",0
"1312",2
"1313",1
"1314",1
"1319",2
"1321",1
"1322",1
"1324",0
"1325",0
"1326",0
"1327",1
"1330",0
"1339",1
"1341",0
"1347",1
"1350",0
"1358",0
"1359",2
"1361",2
"1364",1
"1365",1
"1366",0
"1367",2
"1372",1
"1373",0
"1375",2
"1376",1
"1377",0
"1381",1
"1386",0
"1392",2
"1404",2
"1405",1
"1406",1
"1407",1
"1408",4
"1409",0
"1410",0
"1419",0
"1431",13
"1439",0
"1442",2
"1443",3
"1445",1
"1446",4
"1449",1
"1452",1
"1453",1
"1454",1
"1455",2
"1458",3
"1459",3
"1460",1
"1461",0
"1462",2
"1463",2
"1464",4
"1468",2
"1473",6
"1476",0
"1477",1
"1478",0
"1481",1
"1482",1
"1483",0
"1486",1
"1487",0
"1488",0
"1491",0
"1492",0
"1495",0
"1503",2
"1505",0
"1506",2
"1508",1
"1509",1
"1517",2
"1518",1
"1519",3
"1527",12
"1529",2
"1530",2
"1531",2
"1535",0
"1544",1
"1552",0
"1553",0
"1556",2
"1559",0
"1584",0
"1586",2
"1589",1
"1592",0
"1604",1
"1606",4
"1613",1
"1618",0
"1619",0
"1620",0
"1621",2
"1622",0
"1623",4
"1625",2
"1626",2
"1628",1
"1629",4
"1631",1
"1633",1
"1636",12
"1637",1
"1638",1
"1639",3
"1640",3
"1647",10
"1649",6
"1650",4
"1651",9
"1652",2
"1653",1
"1654",2
"1655",3
"1665",24
"1673",10
"1674",11
"1675",5
"1681",12
"1686",17
"1700",4
"1703",26
"1704",5
"1705",10
"1706",1
"1708",2
"1710",11
"1711",2
"1712",21
"1715",14
"1716",7
"1718",11
"1719",36
"1720",11
"1723",3
"1724",32
"1725",4
"1726",22
"1727",7
"1728",11
"1729",0
"1730",12
"1731",11
"1733",1
"1734",0
"1739",10
"1741",2
"1743",0
"1745",24
"1746",8
"1747",20
"1748",4
"1749",1
"1750",0
"1751",1
"1754",3
"1755",0
"1756",4
"1757",4
"1763",15
"1765",8
"1771",24
"1775",13
"1776",2
"1780",7
"1785",6
"1789",30
"1790",16
"1791",5
"1792",5
"1794",7
"1795",2
"1799",11
"1801",5
"1802",4
"1803",2
"1804",1
"1809",5
"1810",13
"1811",9
"1812",5
"1813",7
"1818",0
"1823",17
"1828",4
"1829",5
"1831",4
"1832",16
"1833",25
"1836",2
"1841",8
"1843",1
"1844",11
"1845",3
"1847",5
"1848",4
"1850",10
"1852",2
"1856",0
"1857",2
"1858",0
"1860",16
"1861",4
"1862",1
"1863",0
"1864",3
"1866",4
"1867",2
"1868",4
"1869",7
"1870",13
"1873",18
"1876",18
"1878",0
"1879",0
"1880",0
"1881",6
"1882",8
"1883",16
"1884",7
"1888",3
"1890",4
"1891",2
"1892",6
"1897",6
"1898",18
"1901",19
"1902",1
"1903",0
"1905",28
"1906",18
"1908",15
"1909",0
"1910",1
"1911",2
"1915",4
"1918",1
"1920",3
"1921",13
"1922",6
"1923",0
"1924",3
"1925",7
"1926",3
"1927",11
"1928",7
"1929",5
"1935",4
"1937",3
"1938",2
"1939",20
"1940",10
"1941",8
"1942",18
"1943",28
"1944",7
"1945",9
"1948",32
"1949",20
"1951",2
"1954",4
"1955",28
"1956",1
"1957",2
"1958",16
"1959",6
"1960",25
"1961",9
"1962",2
"1963",31
"1964",17
"1965",6
"1966",9
"1967",27
"1969",13
"1971",25
"1972",1
"1973",1
"1975",2
"1976",13
"1977",0
"1978",4
"1979",21
"1981",4
"1982",30
"1983",4
"1984",14
"1985",8
"1986",1
"1988",15
"1989",0
"1993",0
"1994",4
"1999",18
"2001",1
"2005",20
"2010",3
"2011",9
"2023",13
"2029",20
"2030",17
"2032",14
"2037",23
"2038",21
"2039",9
"2040",25
"2041",12
"2042",28
"2043",30
"2044",4
"2045",3
"2047",15
"2055",14
"2056",2
"2057",1
"2059",6
"2060",4
"2061",2
"2062",1
"2063",0
"2066",1
"2070",10
"2073",4
"2090",9
"2091",4
"2092",0
"2098",2
"2099",0
"2101",2
"2102",3
"2105",1
"2107",20
"2110",18
"2118",11
"2119",2
"2120",1
"2121",18
"2122",11
"2123",1
"2124",1
"2127",1
"2128",1
"2129",8
"2130",14
"2131",2
"2132",3
"2133",2
"2136",5
"2139",14
"2140",8
"2141",6
"2156",18
"2162",5
"2163",13
"2165",7
"2166",16
"2167",0
"2170",1
"2174",23
"2179",0
"2185",19
"2186",7
"2187",10
"2190",2
"2202",1
"2203",3
"2204",1
"2205",0
"2206",3
"2207",3
"2218",20
"2219",4
"2220",10
"2223",19
"2225",7
"2226",0
"2229",1
"2232",12
"2233",5
"2234",9
"2235",8
"2239",8
"2241",28
"2244",15
"2248",12
"2253",8
"2254",25
"2257",23
"2259",5
"2260",6
"2261",4
"2265",14
"2289",16
"2290",21
"2291",5
"2292",2
"2293",13
"2294",16
"2297",4
"2300",3
"2308",1
"2309",6
"2310",27
"2311",29
"2312",25
"2313",8
"2314",16
"2315",5
"2316",10
"2324",4
"2328",0
"2335",1
"2336",8
"2337",2
"2338",5
"2339",1
"2341",4
"2342",2
"2343",7
"2345",4
"2346",3
"2347",0
"2352",2
"2353",2
"2356",2
"2357",1
"2358",1
"2359",0
"2361",1
"2362",6
"2363",0
"2364",1
"2365",3
"2367",7
"2368",1
"2369",10
"2370",9
"2371",3
"2372",3
"2374",2
"2375",1
"2376",2
"2377",2
"2378",2
"2379",1
"2380",0
"2381",8
"2382",6
"2383",2
"2385",4
"2386",1
"2387",2
"2390",1
"2391",2
"2392",1
"2394",0
"2395",4
"2396",2
"2400",2
"2401",0
"2402",0
"2403",2
"2404",0
"2405",3
"2406",3
"2409",3
"2412",5
"2413",0
"2414",0
"2415",1
"2416",4
"2417",8
"2424",3
"2431",1
"2432",6
"2433",1
"2434",1
"2435",2
"2438",1
"2439",5
"2440",9
"2441",12
"2442",4
"2447",6
"2449",9
"2452",8
"2458",5
"2459",3
"2460",1
"2462",2
"2463",0
"2465",5
"2466",2
"2467",7
"2468",3
"2469",3
"2470",6
"2471",2
"2473",3
"2475",7
"2476",16
"2477",3
"2478",1
"2482",10
"2484",2
"2485",7
"2486",25
"2487",3
"2490",0
"2491",13
"2492",4
"2493",2
"2497",19
"2498",23
"2500",2
"2502",4
"2507",14
"2508",9
"2509",2
"2510",1
"2512",5
"2514",13
"2515",10
"2516",4
"2517",4
"2518",11
"2520",19
"2526",2
"2527",9
"2528",2
"2529",8
"2533",6
"2534",5
"2535",2
"2536",4
"2537",0
"2538",8
"2544",14
"2545",2
"2547",4
"2548",4
"2550",26
"2552",7
"2553",12
"2555",8
"2559",6
"2560",3
"2561",4
"2563",13
"2567",7
"2569",8
"2570",3
"2571",7
"2574",0
"2578",10
"2585",13
"2586",3
"2588",3
"2589",4
"2591",16
"2592",10
"2593",3
"2594",5
"2595",7
"2596",1
"2597",0
"2599",21
"2600",10
"2601",3
"2605",15
"2606",3
"2607",20
"2608",7
"2610",1
"2611",2
"2612",0
"2616",1
"2617",28
"2618",16
"2619",1
"2620",7
"2621",11
"2622",11
"2623",2
"2624",10
"2625",8
"2626",3
"2627",3
"2628",0
"2629",1
"2631",12
"2632",2
"2633",1
"2637",10
"2638",11
"2639",3
"2640",1
"2642",4
"2643",3
"2644",2
"2645",5
"2646",1
"2647",1
"2649",1
"2651",11
"2652",21
"2655",5
"2658",2
"2659",2
"2660",2
"2663",3
"2664",14
"2670",2
"2672",1
"2673",1
"2676",17
"2677",0
"2678",0
"2679",13
"2682",12
"2683",23
"2685",11
"2686",8
"2687",8
"2688",27
"2689",19
"2690",10
"2691",8
"2692",23
"2693",3
"2694",15
"2696",0
"2697",1
"2698",2
"2701",10
"2708",11
"2709",2
"2710",11
"2713",1
"2714",4
"2715",0
"2716",0
"2718",1
"2720",17
"2721",2
"2722",8
"2723",9
"2724",3
"2725",12
"2727",4
"2728",10
"2731",3
"2732",9
"2733",1
"2734",0
"2735",0
"2736",6
"2737",3
"2738",0
"2739",0
"2740",0
"2741",4
"2745",1
"2746",1
"2747",2
"2748",7
"2749",6
"2750",1
"2751",7
"2754",7
"2755",2
"2756",1
"2757",1
"2759",2
"2763",7
"2764",10
"2766",2
"2769",6
"2770",1
"2772",9
"2779",2
"2781",1
"2786",4
"2791",0
"2793",3
"2795",4
"2796",1
"2797",2
"2798",2
"2800",0
"2802",10
"2803",13
"2804",3
"2805",0
"2806",3
"2807",6
"2808",12
"2809",1
"2810",0
"2812",11
"2813",0
"2815",5
"2816",1
"2817",1
"2818",1
"2819",3
"2820",9
"2823",3
"2826",12
"2829",4
"2831",5
"2833",1
"2834",5
"2836",2
"2837",3
"2838",2
"2839",2
"2840",5
"2843",8
"2845",0
"2847",0
"2848",0
"2853",8
"2855",1
"2858",0
"2859",4
"2862",3
"2865",9
"2867",1
"2871",8
"2881",1
"2890",1
"2891",1
"2892",5
"2895",0
"2897",0
"2904",2
"2905",0
"2906",2
"2907",5
"2908",5
"2910",3
"2914",7
"2915",2
"2917",7
"2918",6
"2919",4
"2920",4
"2922",4
"2923",4
"2924",1
"2925",1
"2926",8
"2927",0
"2929",3
"2930",4
"2931",3
"2932",2
"2936",1
"2942",8
"2944",5
"2945",3
"2946",5
"2948",18
"2949",1
"2950",0
"2952",3
"2961",3
"2962",6
"2963",7
"2964",9
"2970",8
"2972",7
"2973",2
"2974",2
"2976",20
"2977",9
"2979",2
"2980",5
"2981",8
"2982",10
"2984",15
"2985",2
"2986",0
"2987",1
"2988",2
"2990",14
"2991",2
"2993",3
"2995",1
"2996",5
"2999",2
"3000",3
"3001",14
"3005",2
"3007",1
"3012",2
"3013",1
"3015",1
"3018",11
"3019",7
"3023",5
"3024",6
"3025",7
"3026",4
"3027",4
"3029",8
"3030",4
"3031",9
"3032",6
"3033",1
"3039",10
"3040",1
"3041",1
"3042",2
"3045",10
"3047",9
"3048",1
"3049",1
"3050",1
"3052",1
"3053",1
"3054",1
"3055",2
"3062",13
"3064",3
"3065",2
"3066",0
"3067",0
"3069",1
"3070",7
"3071",7
"3074",6
"3075",20
"3076",12
"3077",8
"3078",3
"3079",6
"3081",1
"3082",13
"3084",9
"3085",10
"3086",10
"3087",5
"3088",1
"3089",5
"3090",21
"3091",5
"3093",15
"3095",3
"3096",16
"3097",13
"3098",12
"3099",4
"3100",6
"3111",2
"3112",4
"3113",12
"3115",2
"3116",5
"3117",1
"3118",23
"3119",1
"3120",0
"3121",15
"3122",23
"3123",3
"3124",12
"3134",1
"3136",4
"3137",1
"3139",1
"3142",15
"3144",20
"3145",12
"3146",5
"3147",10
"3148",0
"3149",24
"3150",16
"3151",2
"3152",3
"3153",2
"3154",4
"3155",20
"3158",1
"3161",16
"3169",4
"3170",4
"3172",4
"3173",7
"3174",0
"3178",23
"3181",4
"3184",1
"3185",0
"3188",2
"3192",11
"3195",16
"3196",10
"3210",13
"3217",21
"3220",13
"3221",8
"3222",4
"3223",3
"3224",14
"3225",3
"3226",0
"3227",0
"3228",0
"3230",3
"3231",2
"3233",0
"3234",14
"3235",7
"3236",18
"3238",0
"3239",17
"3240",3
"3242",1
"3247",7
"3256",0
"3257",3
"3259",1
"3261",7
"3262",23
"3267",5
"3268",2
"3271",2
"3272",5
"3273",3
"3275",1
"3277",3
"3281",4
"3284",2
"3287",3
"3288",4
"3289",26
"3290",14
"3293",10
"3295",2
"3300",1
"3307",12
"3315",23
"3321",15
"3322",7
"3323",2
"3324",2
"3325",10
"3339",13
"3340",1
"3341",1
"3351",3
"3352",2
"3353",2
"3354",1
"3355",3
"3357",17
"3363",6
"3368",1
"3369",2
"3370",0
"3373",15
"3378",6
"3379",21
"3380",9
"3381",2
"3382",1
"3391",17
"3392",0
"3393",2
"3400",8
"3402",2
"3403",2
"3404",1
"3405",1
"3416",5
"3417",1
"3418",6
"3419",3
"3420",2
"3421",8
"3422",5
"3423",1
"3424",16
"3427",2
"3429",12
"3431",11
"3432",11
"3436",8
"3440",2
"3441",2
"3442",1
"3444",2
"3445",1
"3448",7
"3451",5
"3452",1
"3453",2
"3459",18
"3461",6
"3465",15
"3468",6
"3471",6
"3475",2
"3476",14
"3478",14
"3482",3
"3484",6
"3486",4
"3492",24
"3506",17
"3507",0
"3508",3
"3509",3
"3519",4
"3520",0
"3521",1
"3530",10
"3532",6
"3536",1
"3538",3
"3539",24
"3542",2
"3544",10
"3545",4
"3551",3
"3553",1
"3554",2
"3555",1
"3558",17
"3559",6
"3563",8
"3566",1
"3567",20
"3568",6
"3569",2
"3570",8
"3571",28
"3572",12
"3573",2
"3581",2
"3584",17
"3585",7
"3587",4
"3589",14
"3596",5
"3597",5
"3598",5
"3600",4
"3601",2
"3604",14
"3606",6
"3607",4
"3610",5
"3620",6
"3623",6
"3624",0
"3625",1
"3635",4
"3648",2
"3652",4
"3654",17
"3655",12
"3656",23
"3657",10
"3660",14
"3662",26
"3664",18
"3676",2
"3677",6
"3684",3
"3685",3
"3686",1
"3687",2
"3690",2
"3692",3
"3694",2
"3695",0
"3696",1
"3697",2
"3698",3
"3699",2
"3700",4
"3701",2
"3702",1
"3703",2
"3705",2
"3706",1
"3711",9
"3712",12
"3713",1
"3714",1
"3725",1
"3727",5
"3728",1
"3729",3
"3731",1
"3739",5
"3740",2
"3741",1
"3742",11
"3743",9
"3744",7
"3745",1
"3747",6
"3748",13
"3749",11
"3750",4
"3751",6
"3752",4
"3754",2
"3755",11
"3757",10
"3758",2
"3759",6
"3760",7
"3761",4
"3762",1
"3763",0
"3766",15
"3767",1
"3768",7
"3772",19
"3773",1
"3774",8
"3775",6
"3776",10
"3777",14
"3779",7
"3780",2
"3781",3
"3785",0
"3788",12
"3790",21
"3793",9
"3794",1
"3795",15
"3796",21
"3797",10
"3798",1
"3801",8
"3805",11
"3806",17
"3810",5
"3811",0
"3818",3
"3819",1
"3823",6
"3824",15
"3825",0
"3826",9
"3828",18
"3829",4
"3831",6
"3833",4
"3834",19
"3835",7
"3836",3
"3837",1
"3838",20
"3839",21
"3840",2
"3844",0
"3845",11
"3848",4
"3849",10
"3851",3
"3854",5
"3855",6
"3865",6
"3867",6
"3868",19
"3869",12
"3870",2
"3871",0
"3872",8
"3873",14
"3874",6
"3875",6
"3877",4
"3882",19
"3883",1
"3888",14
"3889",0
"3890",3
"3893",10
"3895",17
"3897",9
"3898",11
"3899",11
"3901",3
"3904",17
"3907",5
"3908",8
"3909",1
"3913",18
"3915",15
"3920",3
"3921",2
"3922",1
"3925",13
"3926",4
"3927",4
"3928",2
"3929",0
"3931",2
"3932",2
"3933",2
"3934",12
"3936",11
"3937",8
"3938",6
"3939",4
"3940",11
"3941",4
"3942",1
"3943",21
"3944",9
"3945",21
"3948",13
"3949",7
"3950",0
"3952",17
"3954",7
"3955",2
"3956",1
"3966",6
"3970",1
"3976",1
"3977",15
"3978",1
"3979",1
"3980",10
"3981",13
"3982",8
"3983",3
"3984",3
"3985",4
"3992",5
"3993",11
"3996",6
"4002",6
"4004",2
"4008",3
"4009",0
"4011",4
"4012",2
"4013",2
"4014",2
"4015",3
"4017",1
"4033",4
"4038",28
"4039",2
"4040",15
"4041",3
"4042",9
"4050",6
"4054",2
"4064",8
"4065",4
"4067",3
"4068",3
"4069",4
"4070",3
"4072",9
"4074",2
"4076",1
"4077",1
"4078",5
"4080",10
"4081",1
"4082",2
"4083",6
"4084",4
"4086",9
"4088",3
"4095",9
"4096",3
"4097",0
"4098",7
"4099",2
"4100",1
"4113",3
"4114",4
"4119",3
"4120",0
"4121",4
"4122",5
"4123",7
"4124",3
"4125",2
"4126",0
"4127",2
"4133",7
"4136",2
"4137",2
"4138",2
"4142",4
"4144",9
"4146",5
"4147",2
"4148",3
"4150",1
"4151",1
"4157",5
"4158",4
"4160",1
"4165",12
"4166",4
"4167",5
"4168",7
"4172",4
"4174",2
"4182",3
"4183",4
"4184",2
"4185",0
"4186",1
"4187",5
"4188",2
"4189",1
"4190",7
"4191",4
"4192",1
"4198",9
"4201",5
"4202",10
"4204",8
"4209",10
"4210",5
"4211",3
"4212",6
"4216",3
"4218",1
"4219",10
"4220",3
"4221",4
"4222",10
"4223",1
"4230",1
"4237",3
"4239",6
"4240",2
"4242",1
"4248",2
"4250",6
"4252",3
"4253",1
"4254",5
"4255",4
"4257",1
"4258",6
"4259",3
"4260",3
"4261",3
"4262",2
"4266",0
"4267",8
"4268",5
"4269",5
"4270",6
"4271",10
"4273",7
"4274",2
"4275",0
"4277",6
"4278",2
"4279",1
"4280",1
"4281",1
"4282",3
"4283",1
"4284",2
"4285",0
"4286",1
"4287",10
"4288",1
"4289",2
"4290",5
"4294",26
"4306",20
"4307",11
"4310",13
"4311",1
"4312",3
"4314",5
"4316",7
"4317",21
"4318",2
"4319",5
"4320",9
"4325",16
"4332",23
"4333",11
"4336",0
"4337",2
"4339",1
"4343",9
"4347",19
"4348",1
"4349",23
"4350",1
"4351",9
"4353",6
"4359",1
"4360",0
"4361",0
"4362",4
"4364",2
"4365",1
"4367",6
"4374",6
"4384",12
"4385",10
"4387",9
"4388",10
"4397",5
"4398",7
"4400",3
"4401",20
"4402",4
"4405",4
"4419",8
"4421",3
"4422",8
"4423",0
"4427",2
"4437",1
"4438",0
"4439",2
"4440",2
"4446",15
"4452",0
"4454",0
"4455",2
"4456",1
"4467",7
"4468",4
"4471",7
"4473",1
"4476",0
"4477",3
"4478",17
"4481",3
"4491",19
"4497",6
"4498",2
"4499",0
"4500",0
"4508",2
"4510",0
"4511",8
"4512",1
"4547",1
"4550",1
"4552",1
"4553",0
"4560",3
"4561",0
"4565",0
"4590",2
"4609",1
"4726",3
"4728",2
"4730",2
"4732",1
"4735",3
"4736",2
"4737",2
"4751",1
"4752",2
"4754",1
"4762",1
"4810",25
"4811",12
"4840",0
"4841",2
"4844",1
"4877",1
"4901",5
"4914",1
"4920",1
"4926",2
"4930",8
"4955",2
"4965",3
"4966",1
"4976",1
"4977",0
"5200",20
"5201",4
"5202",8
"5204",7
"5205",6
"5206",2
"5207",4
"5208",1
"5209",8
"5210",17
"5211",10
"5212",11
"5213",5
"5216",2
"5217",8
"5218",8
"5219",13
"5220",5
"5232",21
"5233",21
"5234",1
"5235",2
"5237",5
"5238",0
"5240",13
"5241",11
"5245",12
"5246",7
"5249",4
"5250",21
"5251",0
"5253",9
"5254",24
"5256",20
"5258",10
"5259",4
"5260",5
"5262",16
"5265",4
"5267",2
"5277",4
"5282",1
"5288",20
"5289",3
"5290",0
"5293",0
"5294",1
"5302",1
"5319",4
"5321",0
"5323",1
"5327",1
"5328",1
"5333",0
"5340",9
"5341",3
"5343",3
"5347",24
"5348",1
"5350",6
"5354",6
"5355",1
"5356",10
"5357",4
"5359",11
"5361",1
"5362",3
"5363",1
"5364",4
"5366",2
"5367",0
"5368",1
"5371",2
"5380",1
"5392",2
"5395",0
"5396",1
"5403",3
"5404",3
"5405",20
"5406",11
"5407",1
"5408",1
"5409",0
"5410",1
"5415",0
"5416",11
"5417",3
"5418",17
"5422",1
"5425",10
"5431",5
"5432",13
"5436",4
"5438",4
"5441",5
"5442",0
"5443",0
"5444",7
"5448",10
"5449",2
"5452",0
"5454",2
"5455",1
"5459",7
"5460",1
"5463",2
"5464",1
"5465",13
"5466",1
"5469",8
"5474",8
"5475",5
"5477",1
"5478",1
"5479",0
"5480",4
"5481",7
"5483",4
"5484",2
"5486",2
"5487",9
"5489",7
"5490",5
"5491",0
"5492",5
"5495",0
"5498",8
"5500",3
"5501",1
"5502",3
"5506",1
"5507",1
"5508",13
"5509",1
"5510",3
"5511",1
"5512",1
"5515",9
"5517",4
"5518",5
"5519",0
"5520",9
"5521",9
"5522",5
"5523",2
"5524",3
"5525",5
"5526",9
"5527",0
"5528",2
"5530",3
"5531",2
"5532",2
"5533",1
"5534",10
"5535",3
"5536",3
"5537",1
"5538",6
"5539",3
"5540",9
"5541",7
"5542",8
"5543",5
"5544",5
"5545",7
"5546",7
"5547",1
"5548",1
"5550",1
"5558",1
"5559",0
"5560",2
"5569",1
"5571",9
"5573",4
"5574",8
"5575",9
"5576",5
"5577",2
"5578",5
"5579",3
"5583",1
"5585",7
"5587",11
"5590",9
"5591",1
"5594",10
"5595",9
"5596",1
"5597",8
"5598",4
"5603",1
"5605",2
"5606",0
"5607",0
"5628",1
"5629",6
"5632",1
"5634",0
"5636",12
"5637",3
"5639",5
"5640",8
"5641",2
"5642",2
"5643",5
"5644",3
"5645",4
"5646",1
"5648",1
"5654",3
"5655",2
"5658",2
"5659",0
"5666",1
"5667",0
"5668",2
"5669",6
"5671",8
"5673",2
"5674",2
"5676",9
"5677",5
"5678",7
"5679",13
"5683",9
"5684",0
"5685",5
"5686",1
"5687",0
"5688",9
"5689",0
"5690",1
"5691",2
"5692",3
"5693",7
"5694",1
"5697",4
"5698",2
"5699",2
"5700",2
"5701",0
"5702",1
"5703",0
"5706",3
"5707",2
"5708",2
"5709",3
"5710",5
"5711",2
"5712",7
"5713",6
"5715",3
"5721",15
"5725",3
"5726",1
"5727",1
"5731",7
"5736",4
"5738",9
"5739",9
"5740",12
"5742",4
"5745",17
"5752",2
"5761",0
"5762",0
"5769",6
"5770",13
"5771",3
"5772",1
"5776",4
"5777",8
"5781",10
"5782",6
"5783",15
"5791",16
"5792",11
"5793",5
"5794",13
"5795",8
"5798",1
"5800",1
"5805",9
"5806",13
"5807",10
"5808",2
"5809",7
"5810",2
"5812",17
"5814",3
"5815",1
"5819",11
"5820",5
"5821",9
"5822",3
"5823",1
"5824",1
"5825",13
"5826",1
"5834",22
"5837",4
"5839",14
"5840",8
"5841",5
"5842",4
"5843",1
"5845",3
"5846",3
"5847",2
"5848",2
"5850",4
"5851",2
"5854",2
"5861",11
"5862",7
"5863",14
"5864",8
"5865",5
"5866",3
"5867",3
"5870",17
"5871",6
"5873",2
"5874",5
"5876",17
"5879",1
"5880",5
"5881",28
"5882",8
"5883",15
"5888",17
"5889",5
"5890",5
"5891",9
"5892",2
"5893",6
"5894",2
"5895",4
"5896",2
"5897",2
"5899",2
"5901",14
"5902",1
"5905",1
"5909",7
"5910",5
"5911",1
"5912",29
"5913",5
"5916",8
"5917",5
"5920",2
"5929",10
"5931",1
"5932",3
"5936",19
"5937",5
"5939",9
"5940",7
"5941",4
"5942",3
"5943",1
"5944",1
"5945",3
"5947",12
"5948",6
"5949",4
"5950",8
"5951",18
"5957",1
"5959",22
"5962",4
"5965",4
"5967",18
"5972",1
"5974",7
"5976",8
"5979",22
"5980",5
"5981",3
"5983",12
"5984",2
"5985",11
"5986",10
"5987",20
"5988",14
"5989",27
"5990",6
"5992",4
"5993",7
"5994",8
"5995",7
"5997",3
"6000",1
"6002",1
"6006",20
"6007",5
"6008",16
"6018",1
"6022",0
"6024",1
"6031",2
"6034",2
"6042",17
"6043",8
"6045",14
"6085",3
"6090",3
"6091",1
"6094",1
"6106",18
"6107",12
"6108",4
"6109",5
"6110",15
"6111",3
"6113",9
"6116",27
"6121",1
"6125",1
"6134",1
"6135",5
"6139",1
"6140",0
"6142",3
"6143",1
"6148",4
"6159",5
"6160",2
"6161",4
"6162",3
"6163",2
"6183",3
"6193",1
"6194",1
"6203",1
"6204",1
"6206",2
"6212",2
"6214",2
"6215",9
"6224",2
"6228",1
"6241",1
"6242",0
"6244",0
"6245",0
"6264",2
"6276",4
"6277",0
"6292",3
"6296",22
"6300",4
"6301",3
"6302",5
"6309",2
"6314",12
"6315",11
"6319",16
"6320",4
"6324",1
"6326",2
"6337",2
"6345",2
"6373",1
"6392",0
"6393",0
"6400",1
"6404",1
"6405",1
"6406",2
"6412",5
"6417",2
"6418",1
"6440",3
"6444",4
"6445",2
"6446",0
"6448",4
"6451",2
"6452",2
"6453",2
"6455",3
"6456",2
"6539",17
"6561",2
"6562",2
"6565",1
"6567",2
"6568",1
"6573",1
"6574",3
"6581",1
"6582",2
"6584",20
"6587",12
"6606",19
"6613",0
"6614",7
"6624",7
"6625",4
"6628",2
"6629",1
"6630",1
"6631",2
"6635",2
"6636",14
"6637",4
"6638",2
"6640",24
"6651",1
"6653",22
"6654",21
"6657",7
"6658",23
"6659",1
"6660",2
"6664",4
"6665",1
"6676",3
"6687",20
"6695",11
"6696",1
"6704",8
"6715",31
"6717",23
"6719",16
"6729",1
"6730",1
"6732",31
"6733",13
"6734",9
"6735",8
"6736",20
"6740",8
"6741",9
"6742",6
"6749",22
"6756",8
"6757",8
"6758",8
"6760",15
"6761",1
"6771",2
"6772",1
"6774",1
"6775",2
"6776",1
"6777",7
"6778",10
"6779",3
"6814",2
"6829",5
"6832",2
"6852",2
"6896",3
"6899",1
"6900",1
"6901",1
"6908",1
"6909",0
"6925",1
"6928",14
"6932",2
"6951",5
"6953",3
"6961",1
"6962",0
"6980",1
"6981",1
"7041",1
"7121",16
"7122",3
"7123",3
"7124",7
"7127",1
"7128",11
"7129",3
"7132",4
"7133",2
"7139",2
"7141",8
"7142",6
"7146",1
"7147",2
"7149",5
"7150",4
"7160",2
"7161",4
"7163",20
"7165",20
"7166",8
"7167",3
"7168",16
"7170",0
"7172",1
"7173",1
"7184",6
"7185",3
"7186",2
"7187",1
"7188",2
"7190",20
"7191",15
"7192",1
"7193",14
"7195",6
"7197",3
"7199",1
"7203",5
"7206",5
"7207",14
"7208",11
"7209",6
"7210",3
"7211",4
"7212",13
"7215",7
"7217",17
"7234",14
"7239",26
"7241",8
"7242",3
"7243",4
"7244",4
"7246",21
"7247",4
"7250",26
"7257",13
"7261",14
"7262",6
"7264",4
"7268",2
"7271",7
"7272",11
"7274",20
"7275",9
"7277",4
"7278",3
"7280",2
"7284",13
"7285",4
"7286",3
"7288",3
"7291",7
"7292",20
"7295",6
"7296",9
"7298",9
"7299",8
"7300",3
"7302",2
"7303",7
"7304",9
"7305",15
"7307",13
"7308",3
"7315",10
"7330",4
"7333",4
"7334",2
"7335",2
"7338",2
"7339",2
"7340",3
"7341",1
"7342",1
"7346",3
"7347",7
"7349",3
"7350",2
"7352",6
"7353",8
"7360",6
"7361",3
"7365",4
"7368",2
"7369",2
"7373",3
"7374",0
"7375",1
"7376",0
"7377",5
"7378",2
"7379",2
"7380",6
"7381",4
"7383",7
"7384",2
"7386",3
"7388",3
"7389",4
"7390",5
"7391",0
"7395",5
"7397",4
"7398",0
"7399",2
"7400",2
"7401",3
"7402",5
"7403",3
"7404",1
"7405",2
"7406",2
"7407",0
"7408",2
"7409",9
"7411",8
"7412",3
"7414",1
"7415",2
"7416",7
"7417",5
"7418",2
"7419",2
"7420",4
"7424",1
"7425",4
"7426",5
"7427",5
"7428",5
"7431",1
"7432",0
"7433",5
"7435",0
"7436",0
"7440",10
"7441",2
"7442",5
"7443",3
"7444",4
"7446",0
"7447",0
"7448",5
"7449",2
"7450",4
"7451",5
"7452",0
"7453",4
"7454",0
"7455",4
"7456",3
"7457",8
"7458",6
"7459",4
"7460",5
"7461",1
"7464",3
"7465",4
"7469",5
"7472",2
"7473",0
"7474",4
"7476",4
"7478",0
"7479",6
"7480",5
"7481",1
"7482",4
"7483",23
"7485",15
"7486",4
"7490",18
"7492",7
"7493",4
"7494",8
"7496",5
"7497",21
"7498",20
"7499",0
"7500",8
"7501",6
"7503",0
"7504",21
"7505",0
"7506",0
"7507",1
"7508",18
"7510",13
"7512",3
"7514",18
"7515",3
"7516",8
"7518",24
"7520",7
"7524",6
"7525",5
"7526",4
"7527",0
"7528",6
"7529",3
"7531",21
"7532",9
"7533",14
"7535",10
"7536",9
"7544",4
"7545",7
"7546",3
"7547",11
"7551",4
"7553",4
"7554",5
"7555",13
"7556",1
"7559",4
"7564",2
"7565",1
"7566",0
"7567",1
"7568",0
"7569",1
"7572",22
"7574",7
"7587",6
"7588",3
"7589",0
"7591",3
"7592",1
"7593",16
"7594",2
"7598",2
"7600",0
"7603",7
"7607",10
"7608",6
"7612",3
"7613",7
"7617",2
"7618",1
"7619",6
"7622",6
"7624",0
"7628",1
"7629",9
"7630",1
"7631",2
"7632",0
"7634",0
"7635",1
"7636",1
"7637",2
"7638",0
"7641",1
"7643",10
"7644",0
"7645",6
"7646",2
"7647",3
"7649",6
"7652",1
"7653",1
"7654",1
"7658",0
"7674",2
"7678",4
"7680",8
"7681",5
"7683",2
"7684",6
"7685",2
"7690",1
"7691",3
"7723",0
"7726",6
"7731",4
"7733",1
"7738",0
"7745",15
"7746",1
"7747",1
"7748",1
"7749",1
"7750",1
"7751",2
"7754",1
"7757",3
"7760",4
"7765",1
"7769",0
"7771",2
"7779",2
"7829",5
"7830",1
"7836",4
"7839",1
"7842",0
"7855",0
"7856",1
"7857",1
"7896",1
"7898",1
"7899",0
"7903",1
"7904",2
"7915",2
"7916",2
"7918",4
"7919",2
"7920",1
"7921",1
"7924",1
"7966",1
"8000",6
"8008",0
"8009",0
"8018",1
"8019",0
"8023",2
"8071",2
"8074",1
"8088",1
"8089",0
"8106",1
"8107",2
"8108",1
"8110",2
"8111",2
"8112",1
"8116",0
"8117",2
"8120",1
"8186",0
"8190",11
"8192",1
"8214",0
"8239",8
"8241",0
"8242",3
"8243",1
"8244",0
"8245",2
"8246",9
"8247",1
"8250",1
"8258",9
"8265",8
"8266",9
"8291",0
"8292",0
"8306",0
"8307",0
"8320",9
"8321",0
"8327",1
"8328",1
"8331",0
"8333",0
"8381",4
"8388",0
"8392",2
"8395",0
"8408",3
"8411",2
"8426",19
"8567",1
"8571",0
"8572",2
"8577",2
"8584",2
"8596",2
"8736",3
"8737",0
"8738",0
"8739",0
"8740",0
"8741",0
"8742",13
"8743",0
"8744",0
"8745",0
"8746",8
"8747",3
"8748",2
"8749",1
"8750",1
"8751",0
"8752",0
"8753",1
"8754",10
"8755",0
"8756",0
"8757",0
"8758",1
"8759",1
"8760",1
"8761",0
"8762",7
"8763",3
"8769",18
"8771",16
"8773",2
"8775",0
"8776",3
"8783",6
"8785",9
"8786",1
"8787",0
"8789",1
"8790",2
"8791",0
"8792",1
"8793",1
"8794",14
"8798",15
"8799",23
"8802",7
"8803",4
"8804",8
"8805",37
"8806",13
"8807",20
"8810",6
"8811",2
"8814",25
"8815",6
"8816",1
"8820",2
"8822",16
"8824",16
"8827",8
"8828",1
"8829",0
"8830",0
"8831",16
"8832",6
"8833",5
"8835",25
"8836",0
"8838",6
"8839",0
"8840",5
"8841",13
"8842",3
"8849",18
"8850",4
"8857",16
"8863",9
"8864",5
"8866",16
"8867",2
"8868",11
"8873",14
"8875",4
"8876",25
"8877",16
"8879",1
"8880",4
"8881",4
"8882",4
"8883",0
"8886",2
"8889",4
"8893",1
"8901",2
"8903",2
"8904",15
"8906",2
"8907",0
"8910",5
"8913",5
"8916",0
"8917",26
"8918",2
"8919",3
"8923",2
"8927",1
"8928",12
"8929",9
"8930",3
"8931",1
"8932",7
"8933",2
"8934",4
"8935",3
"8938",5
"8941",3
"8942",2
"8943",1
"8947",4
"8948",3
"8949",14
"8950",26
"8951",27
"8952",12
"8953",2
"8955",9
"8957",14
"8961",8
"8963",3
"8964",19
"8967",2
"8969",10
"8970",4
"8971",2
"8973",2
"8976",15
"8984",19
"8985",2
"8987",18
"8989",8
"8990",5
"8991",13
"8992",27
"8993",15
"8994",3
"8995",14
"8996",20
"8997",19
"8999",21
"9000",3
"9001",10
"9002",7
"9003",1
"9005",2
"9006",0
"9007",9
"9008",0
"9009",0
"9015",4
"9016",3
"9017",6
"9018",2
"9020",2
"9021",15
"9022",6
"9023",4
"9024",3
"9027",13
"9028",9
"9031",5
"9032",7
"9033",16
"9036",4
"9043",4
"9044",20
"9049",5
"9050",5
"9052",1
"9053",5
"9055",1
"9056",6
"9057",2
"9058",8
"9059",4
"9063",1
"9064",2
"9065",8
"9066",2
"9068",1
"9071",2
"9073",2
"9075",2
"9077",14
"9078",1
"9079",3
"9081",4
"9084",7
"9088",4
"9096",15
"9097",25
"9098",7
"9099",4
"9100",8
"9101",18
"9102",8
"9112",21
"9113",15
"9114",14
"9115",3
"9118",10
"9119",1
"9121",31
"9122",16
"9125",3
"9126",15
"9127",18
"9128",2
"9130",1
"9131",0
"9134",3
"9140",23
"9141",3
"9144",0
"9145",1
"9146",2
"9154",19
"9155",5
"9156",4
"9157",5
"9158",18
"9159",19
"9160",0
"9161",9
"9162",19
"9182",11
"9183",23
"9184",14
"9186",14
"9187",9
"9188",13
"9200",8
"9212",10
"9218",5
"9219",8
"9226",9
"9229",5
"9230",2
"9231",0
"9234",0
"9235",1
"9236",4
"9239",3
"9240",2
"9241",14
"9243",3
"9244",23
"9245",2
"9246",0
"9247",1
"9248",11
"9250",9
"9251",0
"9252",8
"9254",9
"9255",13
"9256",0
"9258",2
"9259",2
"9260",3
"9261",2
"9262",1
"9263",0
"9264",5
"9265",2
"9267",1
"9268",5
"9275",0
"9280",1
"9281",6
"9282",6
"9283",5
"9284",1
"9287",5
"9289",2
"9290",4
"9292",8
"9293",0
"9294",5
"9295",2
"9298",9
"9299",5
"9300",1
"9301",4
"9302",6
"9303",6
"9304",2
"9305",2
"9306",9
"9308",4
"9309",3
"9310",3
"9312",3
"9313",9
"9317",1
"9318",5
"9319",2
"9320",2
"9323",2
"9326",1
"9327",1
"9329",1
"9330",7
"9331",6
"9333",7
"9335",13
"9337",10
"9338",9
"9339",4
"9340",10
"9342",13
"9343",2
"9344",3
"9345",10
"9346",8
"9347",1
"9348",12
"9349",5
"9352",7
"9353",7
"9354",3
"9355",0
"9356",0
"9357",2
"9358",8
"9359",5
"9360",1
"9361",7
"9362",11
"9363",3
"9364",1
"9366",2
"9367",3
"9370",6
"9371",6
"9372",2
"9373",3
"9374",7
"9377",3
"9378",3
"9379",8
"9381",1
"9382",3
"9383",9
"9384",6
"9385",8
"9386",5
"9387",0
"9388",7
"9391",1
"9393",1
"9394",4
"9398",2
"9399",4
"9400",7
"9401",3
"9402",5
"9403",1
"9404",1
"9405",2
"9408",0
"9409",2
"9410",2
"9416",2
"9417",1
"9418",10
"9420",10
"9421",2
"9426",4
"9427",3
"9428",7
"9429",11
"9430",12
"9439",4
"9440",0
"9441",0
"9442",0
"9443",5
"9444",5
"9445",2
"9446",1
"9447",1
"9449",2
"9450",0
"9451",2
"9452",8
"9453",2
"9454",3
"9455",1
"9456",6
"9458",2
"9460",5
"9461",9
"9462",1
"9463",3
"9468",26
"9469",13
"9470",1
"9471",4
"9472",3
"9473",2
"9474",1
"9475",2
"9476",1
"9479",3
"9480",19
"9481",24
"9482",5
"9483",4
"9484",3
"9486",15
"9487",18
"9489",6
"9490",2
"9492",4
"9494",1
"9495",10
"9498",7
"9501",4
"9502",0
"9504",1
"9505",11
"9506",14
"9507",5
"9511",1
"9512",3
"9513",13
"9515",5
"9518",20
"9519",8
"9520",0
"9522",12
"9523",1
"9525",12
"9526",9
"9527",1
"9536",4
"9553",23
"9555",0
"9556",8
"9557",2
"9563",16
"9564",0
"9568",1
"9570",3
"9571",10
"9572",23
"9588",2
"9589",2
"9597",1
"9599",0
"9600",1
"9605",0
"9611",9
"9612",1
"9617",3
"9625",10
"9627",1
"9628",12
"9638",5
"9639",5
"9642",4
"9643",7
"9657",14
"9658",8
"9661",1
"9673",3
"9674",0
"9675",0
"9682",2
"9683",1
"9685",1
"9686",16
"9687",13
"9689",3
"9690",16
"9694",3
"9695",0
"9696",1
"9697",6
"9702",23
"9704",23
"9706",1
"9707",0
"9708",8
"9709",2
"9710",16
"9711",1
"9712",1
"9717",3
"9718",2
"9719",0
"9730",7
"9732",6
"9733",3
"9734",2
"9735",3
"9738",1
"9739",4
"9745",0
"9746",5
"9748",0
"9751",4
"9757",6
"9758",0
"9761",5
"9762",7
"9763",12
"9764",6
"9765",2
"9766",1
"9767",4
"9768",4
"9770",8
"9771",2
"9775",10
"9781",2
"9783",0
"9784",3
"9786",5
"9794",10
"9795",0
"9796",1
"9797",2
"9798",13
"9800",4
"9803",0
"9805",1
"9813",2
"9816",1
"9822",1
"9824",1
"9825",11
"9826",5
"9827",0
"9828",2
"9829",4
"9832",11
"9833",10
"9834",8
"9839",0
"9841",2
"9842",4
"9843",0
"9844",1
"9846",1
"9847",1
"9848",0
"9852",1
"9853",1
"9855",0
"9859",3
"9860",2
"9861",2
"9869",1
"9870",1
"9874",1
"9875",1
"9877",4
"9878",7
"9879",3
"9880",3
"9881",12
"9884",5
"9888",0
"9894",7
"9895",8
"9896",5
"9897",5
"9898",4
"9900",1
"9908",14
"9909",2
"9913",6
"9916",2
"9917",2
"9918",2
"9919",1
"9920",20
"9926",10
"9932",2
"9935",1
"9943",9
"9944",2
"9945",3
"9946",1
"9947",3
"9948",0
"9950",9
"9951",9
"9955",8
"9961",5
"9962",5
"9963",10
"9964",13
"9965",2
"9970",7
"9971",2
"9973",8
"9974",3
"9977",0
"9978",0
"9980",11
"9981",2
"9985",11
"9988",5
"9989",3
"9990",8
"9993",26
"9994",7
"9995",5
"9997",6
"9998",14
"9999",23
"10000",3
"10001",10
"10002",3
"10005",31
"10006",17
"10008",2
"10009",2
"10010",9
"10011",2
"10012",3
"10013",1
"10014",1
"10018",1
"10020",8
"10024",1
"10028",17
"10032",3
"10034",5
"10035",1
"10036",0
"10037",11
"10041",5
"10044",12
"10045",6
"10046",8
"10050",1
"10052",1
"10053",2
"10054",0
"10055",1
"10056",1
"10059",0
"10060",2
"10061",2
"10063",1
"10068",1
"10072",6
"10073",9
"10074",3
"10081",2
"10083",16
"10084",5
"10088",23
"10091",9
"10094",1
"10095",1
"10098",1
"10100",14
"10103",12
"10104",18
"10105",2
"10106",14
"10107",26
"10108",26
"10109",5
"10111",4
"10112",4
"10113",17
"10114",10
"10115",9
"10116",7
"10118",12
"10120",1
"10121",7
"10123",4
"10124",4
"10125",5
"10126",13
"10128",1
"10133",0
"10146",9
"10154",7
"10155",0
"10161",15
"10162",1
"10164",6
"10197",7
"10198",1
"10200",0
"10202",5
"10208",1
"10209",1
"10210",1
"10212",17
"10214",14
"10215",5
"10216",5
"10217",1
"10218",2
"10219",11
"10220",3
"10223",5
"10225",2
"10226",2
"10229",4
"10230",6
"10233",2
"10234",11
"10236",3
"10237",2
"10238",2
"10241",8
"10243",21
"10244",7
"10247",17
"10254",10
"10255",1
"10256",2
"10257",8
"10261",7
"10262",6
"10263",5
"10264",11
"10265",5
"10266",1
"10267",2
"10268",1
"10269",5
"10273",6
"10278",2
"10279",1
"10281",5
"10282",0
"10283",0
"10284",1
"10285",1
"10286",6
"10288",2
"10292",3
"10293",4
"10294",0
"10296",1
"10297",1
"10299",3
"10300",8
"10303",6
"10304",1
"10305",1
"10306",1
"10307",2
"10308",4
"10309",0
"10312",0
"10313",1
"10314",0
"10316",5
"10317",1
"10320",2
"10322",6
"10323",0
"10324",0
"10329",1
"10330",2
"10331",2
"10332",2
"10333",1
"10334",1
"10335",7
"10336",8
"10337",2
"10340",9
"10341",4
"10342",3
"10346",9
"10347",4
"10348",8
"10349",1
"10350",15
"10351",18
"10352",15
"10354",15
"10355",15
"10357",7
"10359",1
"10362",2
"10364",5
"10369",0
"10370",7
"10371",2
"10372",22
"10373",3
"10375",7
"10376",5
"10377",0
"10378",14
"10384",1
"10388",9
"10392",9
"10393",1
"10394",20
"10395",1
"10396",7
"10398",3
"10399",0
"10402",6
"10404",3
"10405",1
"10408",8
"10411",3
"10414",1
"10416",3
"10420",18
"10423",3
"10424",0
"10426",14
"10428",13
"10429",8
"10439",10
"10440",5
"10441",5
"10442",2
"10443",1
"10444",5
"10445",17
"10451",14
"10453",3
"10454",1
"10455",6
"10457",3
"10458",3
"10467",15
"10468",18
"10469",0
"10470",9
"10471",3
"10472",9
"10473",4
"10475",4
"10477",5
"10479",8
"10483",2
"10494",0
"10495",3
"10497",1
"10498",1
"10500",13
"10502",4
"10503",5
"10509",0
"10510",1
"10512",2
"10513",0
"10515",9
"10516",4
"10517",1
"10520",6
"10521",16
"10522",2
"10530",4
"10531",1
"10535",12
"10536",2
"10537",2
"10539",5
"10546",2
"10547",6
"10550",14
"10551",15
"10552",4
"10553",9
"10554",4
"10556",2
"10557",4
"10558",16
"10559",2
"10561",1
"10563",11
"10564",1
"10565",7
"10566",4
"10567",11
"10576",2
"10577",10
"10578",2
"10579",4
"10580",1
"10581",2
"10587",11
"10588",6
"10590",9
"10593",8
"10596",1
"10597",11
"10598",11
"10599",5
"10600",11
"10604",2
"10605",1
"10606",11
"10607",4
"10608",2
"10609",1
"10611",6
"10612",1
"10613",3
"10614",11
"10615",5
"10616",4
"10617",5
"10618",4
"10622",11
"10623",1
"10624",1
"10626",15
"10627",4
"10628",13
"10631",5
"10632",6
"10633",0
"10634",2
"10636",5
"10637",3
"10638",11
"10639",3
"10640",11
"10643",9
"10644",1
"10645",3
"10647",2
"10648",1
"10651",9
"10652",3
"10653",2
"10654",5
"10655",0
"10656",5
"10657",5
"10658",11
"10660",4
"10661",8
"10662",1
"10663",1
"10664",4
"10665",2
"10666",2
"10667",15
"10670",14
"10671",7
"10672",0
"10673",3
"10676",3
"10678",2
"10679",0
"10680",3
"10681",1
"10682",2
"10683",2
"10688",1
"10689",0
"10690",0
"10691",2
"10693",3
"10699",8
"10700",17
"10701",1
"10702",2
"10705",17
"10708",7
"10711",14
"10715",6
"10716",4
"10717",10
"10719",7
"10720",0
"10721",3
"10722",18
"10723",3
"10727",2
"10728",0
"10729",7
"10731",15
"10732",4
"10734",8
"10736",19
"10745",2
"10746",4
"10747",8
"10752",13
"10757",3
"10758",0
"10759",8
"10760",2
"10762",12
"10764",19
"10765",11
"10766",6
"10767",4
"10770",18
"10771",11
"10776",8
"10779",1
"10785",1
"10789",1
"10792",22
"10793",6
"10795",25
"10796",3
"10797",1
"10798",2
"10799",30
"10800",12
"10801",21
"10804",23
"10809",0
"10810",0
"10811",8
"10816",17
"10820",18
"10821",3
"10822",2
"10823",30
"10824",14
"10834",21
"10837",1
"10839",12
"10845",3
"10846",0
"10847",7
"10848",3
"10849",2
"10850",3
"10851",4
"10852",10
"10853",3
"10854",5
"10855",22
"10859",3
"10860",1
"10863",3
"10864",2
"10865",0
"10867",11
"10880",3
"10890",4
"10892",3
"10894",0
"10898",0
"10904",8
"10915",3
"10917",18
"10918",3
"10919",1
"10920",3
"10921",1
"10922",3
"10926",7
"10927",2
"10929",2
"10934",0
"10938",3
"10939",1
"10943",4
"10945",12
"10951",2
"10952",5
"10954",2
"10956",1
"10965",3
"10966",23
"10969",1
"10971",6
"10972",1
"10985",6
"10986",4
"10987",0
"10988",1
"10991",1
"10992",5
"10993",1
"10994",3
"10995",1
"11000",18
"11001",17
"11002",2
"11003",0
"11004",4
"11005",12
"11008",2
"11009",25
"11011",17
"11013",3
"11015",4
"11017",22
"11018",3
"11019",13
"11020",8
"11021",3
"11023",0
"11024",13
"11025",13
"11027",21
"11028",11
"11029",6
"11030",4
"11031",4
"11032",3
"11033",4
"11034",10
"11035",3
"11036",2
"11037",3
"11038",3
"11040",6
"11041",4
"11042",7
"11043",18
"11046",1
"11048",0
"11049",27
"11050",1
"11052",2
"11053",22
"11054",18
"11060",3
"11064",5
"11065",1
"11084",11
"11090",6
"11091",26
"11092",17
"11093",5
"11094",4
"11095",14
"11096",4
"11099",1
"11101",1
"11102",20
"11103",6
"11104",7
"11105",8
"11106",14
"11107",3
"11108",7
"11109",0
"11110",3
"11111",10
"11123",5
"11125",24
"11126",2
"11128",10
"11129",4
"11130",10
"11131",16
"11134",2
"11135",5
"11137",2
"11139",0
"11142",7
"11143",5
"11147",7
"11151",26
"11152",16
"11156",27
"11157",2
"11158",22
"11160",9
"11162",9
"11164",13
"11172",4
"11176",7
"11177",1
"11179",1
"11184",1
"11185",13
"11195",1
"11196",15
"11197",6
"11200",8
"11202",14
"11206",5
"11207",2
"11208",8
"11210",2
"11211",9
"11212",8
"11217",3
"11230",0
"11231",0
"11233",3
"11234",1
"11235",1
"11237",10
"11239",17
"11241",7
"11251",5
"11253",6
"11255",1
"11258",19
"11259",1
"11260",21
"11264",9
"11265",7
"11270",22
"11272",0
"11273",11
"11274",6
"11275",1
"11281",8
"11282",27
"11290",5
"11291",8
"11292",7
"11295",32
"11298",16
"11301",15
"11302",12
"11303",16
"11305",12
"11306",2
"11307",3
"11311",1
"11312",1
"11313",3
"11315",8
"11316",2
"11318",1
"11319",21
"11320",4
"11321",1
"11324",4
"11325",14
"11326",11
"11327",6
"11328",6
"11329",6
"11330",16
"11333",11
"11334",14
"11342",1
"11343",1
"11344",24
"11345",5
"11349",2
"11350",15
"11351",8
"11352",4
"11353",7
"11354",4
"11355",7
"11356",6
"11357",1
"11358",3
"11362",18
"11363",6
"11364",8
"11366",22
"11367",24
"11368",27
"11369",7
"11370",2
"11371",4
"11374",19
"11375",5
"11376",2
"11380",3
"11382",27
"11383",19
"11384",20
"11390",3
"11391",15
"11395",2
"11396",0
"11397",10
"11398",1
"11399",20
"11403",1
"11405",0
"11410",5
"11420",4
"11435",20
"11439",8
"11447",3
"11451",2
"11452",2
"11455",3
"11456",12
"11457",2
"11459",5
"11460",8
"11461",8
"11462",8
"11463",7
"11464",4
"11465",2
"11466",5
"11467",10
"11470",6
"11471",13
"11472",5
"11473",6
"11474",2
"11475",15
"11476",20
"11477",7
"11481",2
"11484",8
"11485",2
"11486",9
"11487",6
"11488",10
"11490",9
"11498",11
"11505",1
"11510",3
"11511",3
"11512",7
"11521",2
"11525",27
"11533",10
"11536",4
"11539",0
"11543",4
"11544",4
"11545",22
"11554",0
"11557",4
"11560",12
"11561",5
"11562",4
"11563",10
"11566",5
"11567",4
"11576",4
"11596",2
"11597",2
"11598",2
"11600",3
"11601",12
"11604",15
"11605",9
"11606",4
"11607",9
"11609",14
"11611",5
"11612",4
"11613",0
"11614",6
"11615",5
"11616",14
"11617",17
"11618",1
"11620",5
"11621",7
"11623",3
"11624",23
"11625",24
"11638",5
"11648",2
"11649",5
"11654",6
"11656",1
"11658",0
"11661",14
"11665",9
"11666",7
"11667",2
"11668",2
"11669",1
"11670",2
"11671",2
"11672",3
"11673",0
"11674",18
"11675",2
"11676",1
"11677",9
"11678",5
"11683",2
"11684",1
"11685",3
"11686",8
"11687",2
"11688",15
"11689",3
"11690",0
"11691",7
"11695",13
"11696",2
"11697",2
"11698",3
"11699",2
"11700",24
"11701",13
"11702",14
"11719",16
"11721",6
"11722",14
"11723",3
"11747",3
"11748",8
"11754",2
"11756",0
"11757",0
"11760",0
"11761",2
"11762",1
"11763",3
"11767",0
"11769",1
"11770",2
"11771",1
"11791",2
"11792",1
"11793",2
"11796",8
"11797",1
"11798",0
"11808",9
"11809",14
"11810",0
"11812",0
"11822",5
"11823",3
"11841",2
"11850",1
"12013",10
"12031",3
"12055",2
"12056",0
"12062",3
"12063",1
"12074",1
"12139",4
"12141",1
"12152",2
"12175",2
"12210",1
"12211",0
"12233",1
"12238",1
"12358",1
"12364",5
"12365",0
"12367",1
"12370",0
"12373",0
"12379",1
"12380",0
"12382",10
"12383",0
"12384",2
"12385",3
"12386",4
"12387",2
"12421",2
"12423",0
"12428",2
"12433",4
"12434",3
"12435",2
"12436",2
"12437",2
"12438",0
"12439",1
"12441",5
"12443",2
"12450",1
"12455",0
"12462",1
"12467",0
"12468",0
"12527",4
"12528",3
"12529",1
"12530",0
"12535",0
"12551",3
"12554",0
"12555",3
"12563",4
"12569",0
"12574",0
"12620",1
"12630",0
"12649",5
"12691",3
"12697",1
"12732",1
"12733",1
"12748",3
"12754",1
"12756",1
"12760",2
"12771",2
"12772",1
"12773",1
"12781",2
"12783",1
"12799",4
"12802",0
"12805",4
"12808",9
"12814",15
"12817",8
"12819",5
"12821",1
"12825",4
"12826",5
"12858",13
"12878",0
"12879",1
"12880",0
"12881",1
"12883",14
"12888",10
"12889",2
"12890",1
"12891",2
"12894",1
"12898",0
"12899",0
"12900",1
"12901",7
"12902",4
"12903",2
"12904",7
"12905",1
"12907",1
"12910",13
"12912",12
"12913",8
"12916",23
"12918",5
"12919",17
"12921",10
"12924",6
"12928",12
"12931",4
"12934",5
"12936",8
"12938",1
"12939",0
"12940",0
"12941",0
"12942",9
"12943",11
"12944",1
"12945",0
"12946",6
"12948",7
"12951",7
"12952",3
"12953",7
"12954",1
"12955",18
"12957",13
"12959",10
"12961",5
"12962",20
"12963",11
"12964",4
"12966",8
"12968",14
"12970",3
"12971",0
"12972",11
"12979",3
"12980",2
"12981",12
"12983",8
"12984",19
"12985",5
"12987",15
"12992",10
"12993",5
"12994",2
"12997",7
"12998",6
"12999",3
"13001",6
"13002",4
"13004",1
"13005",7
"13006",6
"13007",6
"13008",3
"13009",9
"13010",4
"13015",7
"13016",7
"13017",18
"13018",1
"13019",11
"13020",2
"13024",1
"13025",4
"13026",1
"13028",1
"13030",5
"13031",6
"13035",6
"13041",3
"13042",1
"13053",11
"13058",9
"13060",0
"13063",5
"13064",5
"13065",6
"13066",3
"13067",4
"13068",7
"13076",8
"13077",2
"13084",1
"13088",9
"13104",0
"13105",2
"13107",18
"13110",18
"13111",9
"13112",2
"13113",3
"13114",6
"13116",5
"13117",5
"13118",3
"13119",4
"13120",2
"13121",0
"13123",3
"13125",2
"13128",5
"13130",20
"13135",1
"13136",0
"13138",15
"13140",5
"13141",17
"13142",18
"13144",8
"13145",9
"13146",7
"13148",12
"13149",17
"13150",5
"13151",5
"13152",4
"13156",0
"13157",0
"13158",8
"13159",27
"13161",13
"13162",10
"13163",6
"13164",11
"13165",0
"13166",17
"13170",25
"13171",11
"13176",3
"13179",14
"13183",7
"13184",11
"13189",12
"13190",16
"13191",4
"13192",2
"13193",6
"13194",23
"13195",1
"13196",1
"13197",22
"13198",18
"13199",11
"13200",5
"13201",2
"13204",15
"13205",12
"13207",15
"13208",21
"13210",9
"13211",9
"13212",17
"13213",7
"13214",23
"13215",11
"13216",7
"13217",27
"13218",19
"13219",25
"13220",5
"13221",8
"13222",10
"13223",3
"13224",5
"13225",20
"13226",7
"13227",7
"13228",17
"13229",25
"13231",12
"13232",19
"13233",1
"13234",7
"13237",23
"13238",22
"13239",3
"13240",2
"13241",0
"13242",0
"13243",2
"13247",6
"13249",10
"13252",12
"13253",5
"13254",3
"13256",3
"13257",5
"13258",3
"13261",0
"13263",2
"13264",3
"13266",22
"13271",6
"13272",22
"13274",13
"13276",12
"13277",0
"13282",25
"13283",5
"13284",1
"13285",4
"13286",3
"13287",0
"13288",3
"13292",18
"13293",9
"13295",9
"13296",24
"13297",26
"13299",20
"13300",12
"13301",2
"13302",18
"13304",20
"13309",7
"13312",5
"13314",6
"13315",2
"13317",14
"13318",2
"13322",4
"13323",0
"13333",3
"13339",30
"13340",16
"13345",3
"13348",19
"13351",8
"13352",11
"13353",11
"13354",0
"13358",13
"13359",2
"13360",4
"13362",2
"13364",7
"13365",3
"13368",7
"13369",3
"13370",16
"13371",0
"13372",1
"13373",19
"13374",1
"13375",3
"13377",3
"13378",16
"13379",3
"13380",1
"13381",25
"13383",1
"13385",9
"13386",1
"13389",2
"13395",11
"13396",13
"13398",8
"13399",2
"13400",5
"13401",0
"13402",5
"13403",1
"13411",3
"13415",6
"13416",1
"13421",16
"13422",9
"13423",14
"13424",0
"13425",0
"13426",5
"13427",2
"13428",21
"13430",16
"13431",24
"13432",12
"13433",2
"13434",5
"13435",5
"13436",2
"13439",0
"13441",28
"13442",5
"13443",16
"13444",28
"13445",1
"13446",5
"13447",7
"13449",2
"13451",10
"13452",2
"13453",14
"13454",17
"13455",9
"13460",1
"13461",14
"13462",6
"13464",13
"13465",14
"13466",8
"13467",25
"13468",7
"13469",9
"13470",17
"13471",23
"13472",10
"13473",9
"13474",7
"13475",13
"13476",11
"13477",6
"13478",3
"13479",7
"13480",13
"13481",7
"13482",19
"13483",11
"13485",3
"13486",12
"13487",7
"13488",11
"13489",4
"13490",2
"13492",13
"13493",7
"13494",8
"13495",11
"13502",20
"13504",8
"13505",3
"13506",24
"13507",8
"13508",5
"13509",9
"13510",6
"13511",1
"13512",8
"13517",12
"13520",3
"13524",0
"13528",2
"13529",4
"13533",2
"13535",2
"13547",8
"13549",2
"13551",2
"13552",5
"13554",14
"13555",5
"13556",5
"13557",6
"13558",5
"13569",13
"13570",19
"13571",4
"13572",2
"13573",0
"13576",1
"13577",1
"13578",14
"13579",5
"13580",5
"13581",5
"13582",1
"13583",25
"13584",20
"13585",1
"13586",11
"13589",0
"13592",5
"13593",7
"13594",1
"13596",3
"13597",2
"13598",3
"13599",2
"13600",2
"13601",3
"13602",8
"13604",5
"13606",2
"13607",2
"13611",3
"13613",1
"13616",0
"13617",21
"13619",2
"13641",20
"13646",12
"13647",10
"13648",17
"13650",5
"13651",20
"13652",28
"13653",25
"13654",28
"13655",22
"13658",16
"13672",11
"13674",3
"13675",3
"13676",30
"13678",4
"13679",4
"13680",3
"13681",9
"13682",7
"13686",8
"13687",6
"13688",3
"13689",2
"13690",18
"13693",18
"13694",8
"13696",2
"13697",1
"13698",1
"13699",10
"13701",11
"13704",1
"13705",3
"13706",9
"13707",13
"13709",0
"13710",8
"13711",18
"13716",1
"13721",0
"13722",2
"13725",4
"13726",2
"13728",3
"13729",26
"13738",16
"13741",1
"13742",1
"13743",9
"13744",6
"13745",18
"13753",8
"13754",10
"13757",4
"13758",2
"13759",4
"13762",8
"13763",1
"13765",1
"13766",15
"13767",1
"13768",9
"13775",8
"13776",1
"13777",3
"13778",18
"13780",4
"13781",2
"13784",1
"13785",3
"13786",4
"13787",0
"13789",5
"13790",18
"13793",2
"13798",1
"13808",10
"13810",2
"13811",7
"13812",1
"13818",16
"13819",2
"13822",3
"13823",6
"13826",10
"13828",4
"13829",2
"13830",0
"13831",28
"13833",3
"13834",1
"13835",9
"13836",12
"13837",1
"13838",20
"13839",26
"13840",10
"13841",15
"13842",10
"13843",9
"13844",7
"13846",1
"13847",2
"13848",2
"13856",4
"13857",1
"13858",1
"13860",1
"13861",0
"13862",4
"13863",3
"13869",19
"13870",12
"13871",5
"13872",12
"13874",1
"13875",20
"13879",3
"13880",1
"13882",4
"13883",2
"13884",1
"13885",3
"13886",6
"13887",1
"13888",11
"13890",2
"13891",1
"13900",4
"13901",12
"13904",10
"13905",26
"13906",0
"13908",0
"13909",3
"13911",11
"13914",1
"13920",1
"13921",0
"13930",9
"13931",10
"13932",2
"13933",11
"13934",2
"13935",5
"13936",4
"13937",2
"13939",3
"13942",12
"13944",3
"13945",1
"13947",4
"13948",13
"13949",2
"13950",9
"13951",5
"13952",7
"13953",20
"13954",6
"13955",15
"13956",0
"13957",9
"13958",1
"13959",27
"13960",15
"13961",5
"13962",4
"13963",3
"13964",4
"13965",15
"13966",2
"13967",9
"13968",19
"13969",2
"13970",3
"13971",8
"13972",1
"13973",3
"13974",9
"13975",4
"13981",3
"13983",2
"13984",9
"13987",5
"13989",0
"13991",1
"13992",6
"13993",3
"13994",9
"13995",3
"13997",20
"14001",14
"14002",3
"14003",1
"14004",7
"14005",0
"14008",4
"14009",28
"14010",2
"14017",16
"14018",1
"14020",2
"14024",17
"14027",9
"14028",3
"14029",4
"14039",7
"14041",8
"14042",2
"14043",7
"14044",5
"14048",11
"14051",3
"14052",7
"14053",3
"14054",5
"14055",5
"14056",2
"14057",0
"14058",5
"14059",8
"14061",11
"14062",13
"14064",3
"14066",5
"14072",8
"14073",5
"14074",1
"14075",13
"14081",1
"14082",29
"14086",0
"14090",0
"14097",23
"14098",2
"14101",2
"14103",27
"14105",4
"14111",14
"14117",1
"14144",27
"14145",2
"14148",8
"14149",35
"14153",9
"14154",8
"14155",9
"14157",4
"14158",30
"14162",1
"14172",27
"14175",5
"14179",1
"14180",22
"14182",6
"14183",10
"14186",9
"14187",0
"14196",35
"14198",22
"14204",0
"14207",0
"14208",21
"14210",9
"14214",3
"14216",2
"14217",0
"14218",2
"14220",1
"14221",2
"14222",1
"14223",22
"14239",30
"14248",2
"14265",2
"14267",12
"14269",5
"14270",2
"14271",0
"14272",5
"14273",5
"14278",1
"14280",1
"14281",1
"14282",1
"14297",10
"14298",17
"14299",3
"14300",0
"14301",11
"14302",8
"14303",11
"14304",15
"14307",1
"14308",0
"14309",0
"14310",3
"14312",0
"14314",3
"14315",3
"14316",3
"14317",1
"14318",2
"14319",3
"14320",25
"14321",0
"14322",1
"14325",0
"14327",2
"14329",0
"14331",1
"14333",1
"14336",7
"14338",6
"14340",7
"14341",2
"14342",1
"14347",0
"14348",4
"14349",0
"14350",7
"14352",1
"14355",4
"14356",1
"14360",5
"14361",7
"14362",8
"14363",16
"14364",2
"14365",3
"14366",5
"14367",1
"14369",2
"14373",3
"14376",7
"14377",9
"14378",1
"14379",2
"14380",1
"14385",0
"14388",5
"14389",6
"14390",7
"14391",1
"14393",3
"14398",17
"14401",19
"14402",4
"14403",1
"14404",19
"14406",5
"14407",4
"14410",0
"14414",3
"14416",3
"14420",22
"14421",15
"14423",6
"14424",5
"14425",5
"14428",1
"14430",31
"14439",11
"14440",14
"14446",9
"14453",12
"14454",12
"14455",6
"14456",7
"14457",8
"14465",4
"14468",14
"14469",2
"14478",15
"14479",1
"14480",2
"14482",12
"14483",14
"14484",1
"14486",3
"14487",1
"14488",27
"14489",19
"14490",22
"14491",4
"14492",1
"14493",1
"14494",25
"14495",13
"14497",2
"14498",22
"14500",9
"14501",4
"14506",1
"14507",11
"14508",17
"14511",1
"14519",21
"14521",10
"14531",5
"14534",4
"14535",5
"14565",2
"14566",3
"14567",21
"14568",7
"14570",2
"14571",10
"14579",9
"14584",1
"14585",10
"14587",2
"14588",2
"14589",2
"14598",4
"14607",1
"14609",1
"14610",0
"14612",0
"14613",1
"14614",20
"14615",2
"14616",0
"14621",1
"14627",6
"14629",0
"14639",5
"14642",5
"14643",2
"14652",5
"14653",22
"14654",3
"14655",6
"14656",4
"14657",6
"14658",4
"14659",3
"14660",2
"14662",3
"14663",3
"14664",1
"14665",1
"14669",16
"14673",5
"14675",16
"14678",25
"14681",2
"14682",7
"14683",21
"14688",5
"14690",3
"14700",0
"14701",0
"14702",11
"14703",4
"14718",1
"14721",13
"14723",4
"14727",4
"14728",1
"14729",16
"14749",18
"14751",6
"14752",4
"14754",3
"14763",2
"14765",0
"14775",8
"14776",25
"14777",1
"14787",9
"14789",1
"14790",17
"14792",10
"14804",4
"14805",2
"14808",2
"14811",2
"14812",26
"14821",14
"14824",13
"14829",6
"14830",4
"14832",4
"14833",16
"14836",3
"14839",7
"14841",18
"14843",7
"14847",4
"14848",15
"14852",8
"14861",6
"14870",12
"14871",7
"14874",4
"14876",10
"14877",3
"14878",2
"14888",1
"14889",1
"14890",1
"14891",10
"14959",16
"14960",4
"14961",18
"14962",5
"14964",4
"14965",4
"14966",3
"14967",1
"14970",1
"14975",2
"14976",6
"14977",18
"14978",1
"14981",1
"14983",5
"14989",2
"15001",22
"15002",11
"15003",5
"15004",2
"15005",2
"15006",3
"15007",2
"15008",1
"15010",24
"15011",8
"15012",3
"15013",19
"15014",10
"15015",3
"15021",5
"15023",20
"15024",6
"15026",7
"15028",23
"15029",4
"15030",2
"15031",1
"15032",3
"15033",1
"15046",6
"15057",2
"15058",8
"15062",2
"15063",3
"15065",15
"15068",3
"15069",24
"15078",13
"15082",9
"15088",1
"15089",3
"15090",5
"15098",15
"15102",0
"15107",0
"15112",9
"15113",4
"15114",0
"15115",3
"15116",1
"15133",1
"15134",0
"15139",8
"15141",19
"15142",6
"15143",4
"15144",17
"15147",8
"15150",8
"15151",4
"15152",2
"15154",16
"15155",18
"15156",14
"15157",15
"15158",7
"15160",4
"15165",3
"15168",25
"15169",1
"15171",0
"15175",1
"15176",0
"15178",2
"15179",1
"15184",4
"15186",0
"15193",4
"15194",2
"15195",1
"15199",16
"15200",5
"15201",14
"15205",7
"15207",1
"15208",2
"15213",2
"15215",1
"15218",3
"15220",1
"15223",5
"15235",5
"15243",0
"15244",6
"15248",13
"15249",2
"15250",5
"15251",4
"15263",1
"15264",2
"15266",11
"15268",6
"15269",2
"15272",1
"15274",5
"15275",2
"15278",1
"15279",5
"15280",4
"15281",1
"15283",19
"15284",8
"15285",1
"15287",12
"15288",15
"15290",6
"15291",9
"15293",14
"15294",0
"15295",7
"15298",1
"15299",0
"15300",1
"15302",15
"15303",5
"15305",8
"15306",6
"15307",0
"15308",3
"15309",0
"15310",3
"15334",17
"15335",5
"15337",8
"15338",5
"15346",3
"15347",3
"15348",2
"15349",0
"15352",5
"15353",9
"15354",4
"15355",3
"15356",2
"15358",4
"15360",1
"15363",1
"15364",0
"15367",11
"15370",5
"15381",4
"15384",18
"15385",1
"15386",14
"15391",2
"15392",5
"15394",5
"15400",4
"15404",8
"15405",3
"15407",8
"15408",2
"15412",2
"15413",19
"15418",1
"15421",2
"15424",1
"15425",1
"15426",11
"15430",3
"15431",9
"15432",6
"15433",6
"15434",24
"15435",6
"15436",17
"15442",13
"15443",5
"15446",3
"15448",3
"15450",12
"15455",6
"15456",9
"15464",2
"15465",1
"15466",1
"15469",3
"15474",3
"15475",26
"15476",2
"15487",2
"15499",2
"15500",2
"15505",3
"15509",1
"15510",0
"15511",0
"15512",19
"15514",7
"15516",6
"15517",3
"15521",25
"15522",6
"15523",1
"15533",11
"15536",10
"15540",3
"15541",5
"15542",1
"15545",2
"15548",13
"15549",3
"15573",3
"15577",1
"15578",1
"15582",0
"15583",0
"15585",9
"15586",4
"15587",4
"15588",2
"15591",16
"15592",4
"15593",1
"15594",2
"15595",6
"15596",22
"15598",17
"15600",1
"15601",2
"15618",1
"15621",7
"15625",5
"15628",2
"15629",17
"15646",21
"15647",10
"15648",10
"15651",10
"15652",1
"15653",0
"15656",9
"15657",1
"15658",16
"15659",2
"15660",3
"15665",2
"15668",27
"15677",5
"15681",5
"15685",19
"15693",20
"15694",2
"15697",17
"15699",13
"15700",1
"15701",0
"15702",1
"15703",0
"15704",1
"15705",2
"15706",2
"15712",19
"15714",2
"15718",14
"15719",1
"15720",3
"15721",20
"15722",7
"15723",8
"15725",7
"15729",1
"15750",17
"15778",1
"15779",8
"15780",14
"15783",15
"15784",21
"15785",4
"15792",2
"15793",3
"15802",22
"15813",5
"15814",25
"15820",8
"15821",2
"15822",1
"15823",3
"15824",24
"15828",3
"15830",10
"15833",1
"15835",0
"15836",2
"15839",0
"15846",3
"15847",4
"15851",18
"15852",9
"15853",5
"15857",0
"15858",3
"15862",1
"15864",2
"15865",11
"15868",1
"15875",14
"15876",1
"15881",10
"15884",16
"15889",7
"15898",17
"15899",10
"15901",6
"15904",1
"15905",1
"15906",1
"15907",0
"15909",24
"15917",14
"15919",4
"15920",2
"15923",10
"15924",7
"15925",12
"15927",14
"15928",8
"15929",2
"15931",4
"15936",1
"15937",0
"15938",0
"15979",1
"15991",0
"15992",0
"15996",1
"16007",0
"16017",7
"16018",3
"16021",3
"16022",3
"16026",1
"16027",8
"16036",9
"16038",2
"16039",4
"16040",12
"16041",5
"16042",2
"16044",1
"16045",2
"16046",8
"16047",5
"16049",0
"16050",0
"16051",1
"16052",1
"16056",2
"16057",1
"16060",2
"16064",1
"16066",1
"16067",1
"16068",1
"16078",2
"16079",1
"16080",1
"16082",3
"16083",0
"16084",5
"16085",7
"16088",3
"16089",1
"16093",6
"16096",8
"16098",3
"16099",2
"16100",1
"16103",14
"16104",1
"16111",0
"16112",2
"16114",1
"16121",7
"16123",4
"16126",17
"16127",0
"16128",11
"16136",0
"16137",1
"16138",1
"16141",2
"16144",1
"16145",0
"16146",0
"16147",6
"16148",5
"16152",5
"16153",2
"16154",2
"16159",3
"16188",0
"16189",1
"16190",1
"16191",2
"16195",3
"16197",2
"16207",1
"16210",2
"16211",12
"16214",0
"16218",6
"16226",1
"16227",0
"16238",0
"16239",2
"16240",0
"16243",1
"16249",12
"16251",5
"16252",1
"16260",0
"16261",1
"16262",1
"16263",1
"16264",2
"16265",1
"16266",1
"16288",0
"16290",1
"16292",1
"16293",2
"16306",0
"16314",5
"16315",1
"16317",5
"16318",7
"16319",12
"16320",1
"16322",10
"16323",5
"16326",11
"16327",0
"16344",6
"16348",2
"16349",1
"16350",0
"16353",1
"16354",1
"16390",3
"16391",0
"16392",2
"16393",5
"16396",2
"16397",0
"16398",0
"16399",1
"16408",2
"16414",1
"16415",4
"16416",1
"16421",6
"16422",0
"16423",0
"16425",2
"16459",0
"16463",0
"16469",2
"16472",2
"16473",2
"16479",2
"16480",1
"16481",1
"16482",1
"16483",0
"16484",0
"16494",1
"16496",2
"16499",4
"16500",1
"16501",1
"16502",2
"16504",1
"16510",2
"16511",3
"16512",0
"16518",3
"16522",0
"16536",1
"16537",4
"16538",12
"16539",13
"16540",8
"16541",11
"16542",1
"16543",6
"16544",12
"16545",6
"16546",8
"16547",3
"16550",2
"16551",4
"16561",2
"16562",0
"16563",0
"16564",20
"16565",16
"16566",2
"16571",7
"16572",26
"16573",1
"16577",14
"16578",2
"16579",1
"16580",10
"16581",17
"16582",14
"16583",21
"16584",3
"16585",3
"16586",6
"16587",2
"16588",3
"16591",7
"16592",0
"16596",13
"16599",4
"16604",3
"16606",21
"16607",33
"16608",26
"16609",11
"16614",14
"16617",12
"16619",2
"16620",0
"16621",2
"16622",0
"16623",5
"16624",28
"16625",8
"16626",17
"16630",21
"16631",4
"16635",4
"16636",4
"16637",33
"16638",0
"16640",25
"16643",4
"16649",8
"16650",4
"16651",1
"16654",3
"16659",13
"16661",2
"16664",22
"16670",3
"16674",1
"16675",14
"16676",17
"16678",1
"16679",1
"16680",1
"16683",11
"16684",0
"16685",12
"16691",4
"16693",3
"16694",23
"16695",3
"16696",3
"16699",7
"16703",4
"16705",1
"16707",18
"16710",3
"16712",0
"16748",1
"16749",1
"16750",2
"16751",4
"16752",2
"16754",1
"16755",2
"16756",3
"16757",1
"16766",2
"16771",2
"16772",7
"16773",4
"16774",4
"16776",5
"16779",3
"16782",2
"16783",0
"16785",0
"16786",1
"16787",0
"16789",5
"16794",1
"16796",2
"16797",9
"16801",1
"16802",9
"16803",2
"16804",0
"16820",2
"16821",0
"16822",1
"16823",1
"16824",1
"16829",3
"16830",0
"16831",0
"16836",9
"16837",3
"16838",0
"16839",15
"16840",2
"16843",2
"16844",20
"16847",5
"16848",6
"16849",1
"16853",3
"16854",2
"16860",20
"16862",16
"16865",6
"16869",5
"16872",3
"16873",0
"16874",0
"16875",2
"16876",1
"16877",3
"16878",25
"16879",21
"16880",9
"16881",6
"16883",27
"16890",13
"16899",2
"16924",3
"16929",10
"16931",5
"16932",1
"16934",12
"16935",5
"16937",2
"16938",5
"16943",9
"16944",13
"16946",12
"16947",18
"16951",4
"16957",28
"16958",20
"16959",12
"16965",17
"16966",5
"16967",21
"16968",6
"16969",1
"16970",0
"16971",28
"16972",18
"16973",13
"16974",17
"16975",23
"16976",2
"16977",0
"16978",7
"16980",27
"16981",5
"16982",1
"16985",21
"16986",13
"16987",13
"16998",6
"16999",5
"17000",6
"17001",2
"17012",20
"17013",21
"17014",6
"17015",7
"17016",30
"17017",12
"17018",15
"17019",17
"17020",9
"17022",26
"17023",13
"17024",5
"17026",14
"17027",10
"17029",7
"17030",2
"17031",9
"17032",2
"17035",20
"17036",4
"17046",6
"17061",0
"17063",7
"17064",13
"17067",21
"17072",3
"17073",1
"17074",1
"17075",13
"17076",4
"17080",2
"17083",14
"17094",15
"17095",5
"17126",6
"17129",4
"17140",1
"17142",3
"17143",1
"17144",17
"17145",8
"17146",4
"17204",17
"17211",2
"17214",1
"17224",25
"17228",4
"17229",1
"17230",9
"17231",24
"17232",6
"17233",5
"17234",6
"17235",0
"17239",15
"17241",8
"17242",6
"17244",7
"17245",7
"17248",2
"17257",26
"17258",5
"17260",1
"17265",8
"17281",6
"17284",22
"17287",14
"17288",0
"17289",0
"17292",12
"17294",3
"17295",0
"17297",5
"17298",8
"17321",12
"17323",3
"17326",2
"17327",0
"17342",0
"17343",20
"17348",1
"17349",25
"17350",13
"17351",2
"17352",10
"17353",2
"17354",2
"17356",15
"17359",6
"17365",0
"17366",1
"17367",1
"17370",2
"17372",20
"17373",12
"17375",2
"17377",18
"17378",26
"17379",6
"17380",0
"17383",14
"17384",24
"17385",0
"17386",16
"17390",4
"17397",11
"17402",16
"17404",22
"17405",8
"17406",14
"17410",8
"17411",32
"17413",6
"17414",4
"17416",6
"17418",2
"17419",23
"17420",3
"17422",4
"17427",26
"17430",1
"17431",6
"17433",18
"17440",11
"17441",3
"17444",8
"17445",6
"17450",16
"17459",3
"17460",15
"17465",8
"17466",4
"17467",6
"17469",3
"17474",2
"17475",1
"17476",18
"17478",3
"17479",3
"17480",1
"17481",2
"17482",1
"17483",26
"17484",18
"17485",6
"17486",4
"17487",2
"17488",3
"17489",4
"17492",11
"17493",3
"17495",0
"17498",12
"17499",11
"17500",11
"17504",1
"17510",8
"17512",0
"17517",0
"17519",0
"17522",7
"17523",1
"17524",6
"17525",2
"17526",6
"17529",2
"17534",6
"17535",6
"17536",2
"17537",0
"17540",0
"17541",4
"17542",1
"17543",5
"17544",4
"17545",0
"17546",0
"17547",7
"17548",4
"17552",1
"17553",1
"17554",0
"17555",1
"17557",4
"17558",1
"17560",0
"17562",2
"17563",2
"17565",3
"17568",11
"17569",1
"17571",2
"17577",3
"17579",9
"17583",6
"17584",2
"17592",2
"17598",12
"17604",10
"17605",6
"17607",2
"17608",1
"17609",6
"17610",1
"17612",6
"17613",0
"17614",1
"17618",10
"17619",3
"17620",0
"17621",1
"17625",7
"17626",8
"17628",3
"17629",2
"17631",5
"17632",4
"17633",2
"17634",5
"17636",4
"17637",5
"17638",1
"17639",2
"17640",5
"17641",2
"17642",1
"17643",6
"17645",2
"17646",1
"17647",4
"17648",1
"17649",2
"17651",2
"17652",4
"17653",1
"17658",1
"17663",6
"17664",6
"17665",7
"17669",12
"17670",3
"17671",4
"17675",2
"17677",13
"17680",6
"17681",2
"17682",0
"17683",3
"17687",1
"17691",5
"17694",2
"17695",2
"17697",4
"17698",3
"17705",18
"17706",12
"17707",4
"17709",9
"17710",10
"17714",24
"17715",19
"17716",0
"17717",0
"17726",10
"17727",1
"17728",2
"17731",0
"17741",24
"17744",10
"17745",19
"17746",2
"17751",5
"17757",0
"17765",7
"17766",3
"17767",1
"17770",3
"17771",11
"17774",4
"17776",10
"17777",21
"17778",10
"17780",14
"17781",12
"17782",11
"17783",0
"17786",1
"17787",17
"17789",19
"17791",9
"17792",11
"17793",2
"17796",12
"17808",7
"17811",28
"17812",17
"17813",2
"17817",2
"17819",10
"17824",6
"17831",2
"17839",7
"17841",25
"17842",4
"17844",7
"17845",4
"17846",1
"17855",2
"17867",16
"17868",1
"17869",5
"17876",3
"17877",3
"17880",1
"17893",8
"17899",1
"17901",6
"17902",24
"17918",4
"17922",11
"17924",2
"17925",2
"17926",5
"17927",6
"17928",8
"17929",2
"17931",12
"17932",2
"17933",6
"17934",5
"17935",28
"17936",18
"17937",5
"17938",17
"17940",2
"17941",2
"17943",3
"17944",2
"17945",5
"17946",4
"17952",4
"17954",17
"17965",2
"17966",9
"17967",3
"17969",2
"17970",7
"17971",2
"17972",2
"17973",5
"17975",7
"17976",11
"17977",1
"17981",1
"17982",1
"17983",2
"17984",3
"17985",3
"17986",0
"17987",1
"17988",2
"18010",1
"18056",4
"18057",1
"18060",0
"18066",1
"18068",1
"18114",1
"18130",1
"18132",2
"18156",4
"18157",6
"18158",3
"18159",2
"18160",1
"18162",1
"18163",1
"18164",1
"18168",0
"18170",1
"18187",1
"18190",2
"18208",7
"18209",1
"18210",5
"18211",3
"18213",2
"18214",1
"18215",2
"18217",14
"18218",4
"18221",1
"18222",6
"18229",8
"18230",1
"18231",0
"18232",3
"18238",1
"18239",2
"18246",2
"18249",1
"18250",0
"18254",1
"18255",7
"18259",2
"18261",1
"18263",0
"18264",0
"18270",0
"18274",1
"18275",10
"18276",1
"18278",1
"18279",7
"18286",3
"18287",0
"18325",7
"18330",0
"18331",1
"18332",1
"18333",1
"18334",1
"18401",5
"18420",0
"18424",0
"18425",11
"18432",3
"18434",4
"18465",3
"18466",3
"18471",3
"18474",9
"18477",9
"18533",6
"18535",4
"18536",2
"18539",3
"18564",9
"18567",6
"18568",3
"18569",2
"18570",8
"18571",12
"18573",2
"18574",7
"18579",0
"18581",2
"18591",0
"18599",10
"18615",2
"18616",18
"18617",2
"18619",6
"18620",8
"18623",4
"18624",3
"18625",2
"18626",0
"18628",15
"18630",4
"18631",7
"18632",1
"18633",7
"18636",12
"18638",2
"18642",3
"18648",6
"18649",5
"18650",4
"18653",6
"18654",6
"18655",1
"18671",9
"18673",8
"18675",11
"18676",0
"18677",2
"18679",0
"18683",1
"18684",3
"18685",6
"18696",10
"18697",4
"18713",13
"18714",14
"18715",1
"18716",2
"18717",2
"18719",2
"18720",0
"18721",1
"18722",5
"18723",1
"18724",1
"18725",3
"18729",3
"18730",3
"18731",12
"18733",3
"18734",21
"18735",7
"18736",7
"18737",2
"18738",2
"18740",1
"18742",0
"18748",4
"18749",2
"18750",0
"18760",3
"18762",4
"18784",1
"18785",0
"18786",2
"18787",2
"18788",7
"18795",0
"18797",1
"18798",0
"18800",6
"18801",3
"18802",1
"18803",1
"18805",1
"18806",1
"18817",7
"18818",1
"18819",2
"18820",0
"18824",0
"18825",0
"18828",0
"18830",0
"18836",5
"18837",3
"18838",2
"18839",7
"18840",3
"18841",1
"18842",1
"18844",4
"18846",1
"18847",1
"18849",0
"18852",3
"18853",1
"18854",3
"18855",2
"18857",3
"18858",2
"18859",9
"18861",2
"18862",21
"18863",18
"18865",4
"18866",4
"18867",6
"18869",1
"18870",2
"18872",0
"18873",14
"18877",21
"18878",2
"18882",2
"18883",12
"18884",14
"18895",1
"18896",3
"18898",1
"18901",2
"18904",5
"18905",1
"18906",18
"18908",17
"18909",4
"18912",8
"18913",12
"18914",7
"18917",32
"18918",5
"18919",13
"18920",13
"18921",36
"18923",18
"18927",21
"18929",24
"18934",12
"18937",11
"18938",17
"18941",5
"18942",28
"18943",7
"18944",1
"18945",13
"18946",2
"18947",5
"18948",20
"18949",1
"18951",1
"18952",3
"18953",7
"18954",20
"18956",2
"18959",4
"18960",6
"18964",4
"18967",22
"18968",2
"18969",2
"18970",2
"18971",1
"18972",2
"18973",1
"18978",19
"18979",7
"18980",3
"18982",2
"18983",2
"18984",2
"18985",2
"18986",7
"18987",4
"18989",4
"18992",7
"18993",5
"18994",21
"18995",21
"18996",10
"18997",10
"19002",15
"19005",6
"19008",12
"19009",3
"19010",2
"19012",26
"19013",2
"19014",2
"19015",3
"19016",2
"19017",1
"19019",15
"19022",1
"19023",2
"19024",28
"19025",1
"19026",34
"19027",3
"19028",14
"19029",3
"19033",17
"19034",1
"19035",1
"19044",1
"19045",4
"19046",1
"19047",14
"19050",7
"19051",2
"19052",2
"19056",1
"19057",3
"19059",1
"19061",20
"19062",6
"19063",6
"19064",7
"19066",14
"19067",6
"19068",16
"19069",28
"19070",5
"19071",4
"19072",5
"19073",20
"19074",14
"19075",1
"19076",3
"19077",4
"19091",25
"19095",11
"19096",3
"19100",8
"19101",1
"19105",16
"19106",6
"19111",24
"19112",2
"19119",2
"19120",0
"19123",8
"19124",1
"19125",0
"19128",10
"19129",25
"19130",11
"19131",10
"19135",25
"19136",10
"19148",7
"19151",5
"19153",6
"19157",1
"19164",4
"19169",2
"19172",1
"19173",0
"19185",1
"19186",1
"19194",2
"19202",2
"19218",1
"19221",2
"19222",2
"19225",3
"19258",0
"19286",1
"19295",11
"19304",23
"19308",7
"19328",4
"19331",12
"19332",0
"19333",0
"19335",0
"19342",25
"19343",16
"19345",8
"19346",16
"19347",2
"19348",9
"19349",24
"19352",13
"19353",15
"19361",12
"19362",0
"19363",7
"19371",2
"19373",3
"19376",0
"19377",1
"19418",2
"19431",1
"19434",2
"19443",2
"19444",0
"19451",3
"19453",3
"19492",24
"19493",12
"19494",11
"19500",24
"19509",17
"19527",0
"19530",0
"19548",3
"19549",1
"19569",2
"19570",1
"19571",2
"19572",1
"19573",1
"19574",2
"19582",2
"19588",1
"19589",1
"19590",0
"19596",2
"19597",1
"19598",1
"19599",0
"19600",1
"19602",2
"19625",1
"19627",1
"19628",0
"19630",1
"19640",1
"19653",12
"19654",4
"19655",1
"19657",6
"19662",1
"19665",1
"19667",1
"19674",17
"19675",6
"19676",0
"19677",2
"19678",3
"19679",5
"19687",14
"19696",3
"19699",0
"19702",1
"19704",2
"19713",0
"19720",1
"19728",1
"19729",1
"19730",0
"19768",5
"19794",2
"19807",1
"19825",3
"19837",1
"19843",2
"19845",4
"19847",3
"19850",4
"19851",3
"19872",3
"19902",21
"19909",7
"19911",7
"19932",8
"19952",0
"19954",2
"19964",9
"19993",1
"20001",1
"20002",1
"20004",2
"20013",6
"20016",0
"20017",0
"20033",1
"20034",0
"20045",2
"20046",2
"20054",1
"20055",1
"20079",2
"20087",18
"20088",6
"20093",13
"20094",4
"20095",0
"20096",6
"20097",15
"20098",15
"20099",7
"20100",5
"20102",1
"20103",0
"20108",25
"20109",0
"20110",4
"20111",2
"20113",29
"20114",7
"20115",3
"20116",12
"20117",10
"20118",2
"20123",8
"20124",16
"20125",2
"20126",2
"20128",3
"20129",6
"20130",19
"20131",5
"20132",11
"20133",2
"20134",29
"20137",0
"20138",0
"20140",3
"20141",2
"20142",16
"20143",1
"20147",11
"20149",13
"20150",22
"20151",20
"20152",4
"20153",11
"20154",13
"20155",17
"20156",9
"20157",3
"20158",2
"20162",10
"20165",14
"20166",2
"20167",4
"20168",1
"20170",0
"20171",0
"20172",25
"20173",20
"20175",14
"20176",10
"20177",1
"20178",1
"20179",3
"20180",0
"20181",13
"20182",0
"20183",27
"20184",7
"20185",4
"20186",2
"20187",4
"20188",7
"20189",3
"20191",7
"20192",4
"20193",3
"20194",29
"20195",16
"20196",11
"20202",4
"20203",2
"20206",3
"20207",8
"20211",5
"20218",28
"20223",4
"20225",14
"20229",25
"20230",3
"20231",4
"20232",23
"20233",13
"20234",3
"20235",13
"20236",13
"20237",3
"20238",5
"20239",11
"20240",3
"20241",3
"20242",0
"20243",2
"20244",2
"20245",5
"20246",16
"20247",5
"20252",18
"20254",9
"20255",7
"20256",1
"20257",3
"20259",3
"20260",11
"20261",16
"20262",7
"20263",19
"20264",28
"20267",1
"20268",10
"20269",17
"20270",28
"20273",15
"20274",28
"20275",18
"20276",9
"20277",2
"20279",9
"20280",15
"20281",3
"20288",0
"20291",0
"20293",9
"20294",5
"20295",3
"20296",3
"20298",3
"20299",2
"20300",15
"20304",9
"20305",4
"20306",6
"20307",2
"20308",21
"20309",2
"20310",7
"20312",11
"20313",28
"20314",10
"20315",7
"20317",0
"20318",29
"20323",3
"20325",4
"20326",2
"20327",5
"20328",26
"20337",5
"20338",3
"20339",3
"20340",6
"20343",13
"20345",2
"20346",7
"20353",12
"20356",4
"20359",4
"20360",14
"20361",14
"20362",3
"20363",9
"20367",17
"20368",3
"20369",3
"20370",20
"20371",28
"20372",15
"20373",5
"20374",29
"20375",1
"20379",14
"20380",4
"20381",7
"20383",1
"20384",4
"20385",1
"20386",4
"20389",2
"20390",1
"20392",10
"20393",3
"20394",8
"20395",21
"20396",0
"20403",1
"20404",16
"20407",8
"20408",0
"20409",1
"20411",1
"20412",18
"20414",6
"20415",8
"20416",3
"20417",12
"20418",10
"20419",0
"20420",20
"20421",5
"20422",3
"20423",2
"20426",6
"20427",1
"20428",4
"20429",6
"20430",21
"20434",8
"20435",1
"20436",6
"20437",2
"20438",7
"20440",15
"20441",9
"20443",2
"20444",1
"20445",1
"20446",0
"20448",3
"20449",1
"20450",3
"20451",4
"20452",0
"20453",1
"20454",15
"20455",2
"20456",1
"20457",4
"20458",4
"20460",2
"20461",25
"20463",4
"20464",4
"20468",18
"20470",6
"20471",15
"20480",18
"20481",1
"20483",2
"20485",3
"20486",2
"20489",10
"20493",1
"20494",5
"20496",0
"20497",2
"20499",1
"20500",14
"20502",9
"20503",7
"20504",8
"20505",7
"20507",18
"20508",31
"20512",11
"20513",9
"20514",13
"20515",1
"20517",22
"20518",7
"20519",3
"20520",3
"20522",4
"20523",1
"20526",2
"20527",3
"20528",31
"20529",22
"20532",3
"20535",5
"20536",3
"20537",5
"20539",4
"20541",2
"20542",3
"20544",6
"20547",4
"20548",2
"20552",6
"20553",3
"20554",20
"20556",1
"20557",1
"20558",2
"20559",0
"20569",11
"20570",1
"20577",5
"20581",5
"20586",3
"20587",30
"20588",7
"20589",13
"20595",9
"20596",0
"20597",8
"20598",4
"20605",3
"20606",5
"20607",21
"20609",29
"20614",3
"20628",10
"20630",0
"20631",2
"20632",1
"20635",1
"20637",0
"20641",17
"20642",8
"20643",9
"20644",5
"20645",2
"20646",0
"20647",8
"20648",2
"20649",3
"20650",13
"20657",22
"20658",10
"20660",10
"20661",1
"20663",3
"20667",8
"20668",5
"20669",5
"20676",2
"20677",6
"20679",4
"20680",0
"20683",0
"20684",5
"20685",3
"20686",1
"20687",1
"20688",6
"20689",4
"20690",0
"20693",5
"20695",3
"20698",7
"20699",7
"20701",8
"20702",2
"20704",0
"20706",2
"20708",5
"20709",5
"20710",0
"20711",3
"20713",3
"20715",3
"20721",31
"20723",16
"20725",1
"20726",14
"20727",2
"20728",6
"20735",2
"20738",6
"20739",3
"20740",3
"20741",1
"20745",0
"20747",1
"20752",7
"20757",4
"20758",1
"20763",1
"20768",4
"20771",1
"20776",2
"20777",4
"20778",2
"20779",2
"20780",0
"20781",6
"20782",1
"20783",7
"20785",3
"20786",1
"20787",4
"20788",7
"20792",8
"20793",4
"20794",7
"20795",3
"20796",6
"20797",0
"20799",2
"20803",3
"20804",1
"20805",2
"20806",1
"20807",9
"20809",3
"20811",3
"20812",6
"20813",3
"20814",3
"20816",2
"20817",0
"20818",1
"20821",4
"20822",1
"20823",3
"20824",2
"20825",3
"20828",2
"20829",2
"20830",1
"20833",1
"20834",3
"20835",3
"20836",1
"20838",2
"20839",3
"20840",3
"20841",3
"20842",1
"20843",0
"20844",2
"20845",2
"20846",0
"20848",2
"20849",3
"20852",4
"20854",2
"20858",2
"20860",0
"20864",2
"20866",2
"20871",0
"20873",0
"20880",4
"20881",6
"20882",2
"20889",6
"20890",0
"20893",1
"20894",10
"20895",24
"20904",2
"20905",0
"20907",36
"20908",14
"20909",12
"20910",20
"20912",21
"20913",5
"20915",10
"20917",1
"20918",24
"20919",9
"20920",3
"20922",9
"20923",25
"20926",3
"20929",2
"20931",2
"20932",37
"20933",3
"20934",11
"20937",1
"20947",1
"20950",0
"20962",10
"20963",0
"20964",0
"20965",3
"20966",2
"20975",1
"20987",24
"20988",28
"20991",2
"20992",0
"20993",0
"20994",15
"20995",7
"20996",30
"20997",7
"20998",2
"20999",21
"21000",6
"21001",8
"21004",10
"21005",31
"21007",5
"21008",21
"21009",8
"21010",25
"21011",18
"21021",25
"21022",6
"21023",6
"21024",3
"21025",1
"21027",1
"21035",1
"21036",5
"21040",17
"21041",7
"21042",3
"21043",8
"21044",14
"21045",2
"21047",5
"21062",23
"21063",2
"21064",0
"21065",0
"21066",13
"21067",9
"21068",8
"21069",5
"21082",12
"21083",5
"21086",3
"21088",4
"21093",5
"21094",5
"21095",4
"21098",14
"21128",2
"21130",5
"21137",2
"21140",7
"21143",1
"21148",8
"21149",6
"21150",5
"21151",1
"21152",7
"21153",3
"21159",4
"21160",1
"21162",2
"21163",0
"21164",25
"21167",16
"21168",8
"21169",1
"21170",5
"21171",2
"21173",0
"21174",0
"21175",3
"21177",1
"21178",4
"21181",0
"21187",1
"21189",24
"21190",1
"21191",11
"21192",11
"21193",25
"21194",14
"21195",4
"21206",1
"21207",3
"21208",16
"21209",21
"21211",5
"21212",0
"21213",1
"21215",2
"21216",2
"21217",2
"21218",4
"21219",3
"21221",1
"21222",4
"21223",18
"21224",3
"21225",5
"21226",10
"21228",8
"21229",3
"21230",29
"21231",8
"21232",2
"21233",5
"21234",2
"21235",9
"21236",1
"21237",1
"21239",15
"21240",4
"21245",0
"21247",12
"21248",4
"21250",7
"21251",7
"21252",10
"21253",3
"21254",25
"21256",8
"21259",16
"21260",9
"21261",7
"21262",3
"21263",3
"21265",4
"21267",1
"21269",3
"21270",1
"21272",15
"21273",6
"21274",2
"21275",6
"21276",1
"21277",16
"21278",1
"21279",19
"21280",19
"21281",8
"21282",8
"21283",8
"21284",14
"21285",4
"21286",7
"21287",21
"21288",19
"21293",19
"21294",24
"21295",12
"21296",4
"21297",14
"21299",8
"21301",12
"21305",3
"21306",1
"21308",1
"21309",1
"21310",17
"21311",21
"21312",9
"21313",2
"21314",3
"21315",2
"21316",19
"21317",6
"21319",1
"21320",3
"21321",22
"21322",8
"21324",22
"21327",14
"21328",11
"21331",5
"21332",4
"21333",16
"21341",10
"21342",4
"21343",11
"21344",11
"21349",10
"21350",11
"21352",7
"21358",11
"21359",20
"21360",7
"21361",14
"21363",13
"21364",2
"21365",21
"21368",15
"21371",1
"21372",17
"21373",11
"21374",11
"21375",4
"21376",2
"21377",5
"21378",0
"21379",10
"21380",13
"21384",6
"21385",1
"21386",7
"21387",10
"21389",24
"21391",14
"21392",10
"21393",7
"21401",5
"21404",1
"21405",6
"21407",4
"21408",21
"21411",12
"21412",11
"21413",4
"21414",1
"21416",3
"21417",12
"21419",3
"21420",8
"21421",6
"21422",4
"21423",1
"21424",1
"21425",4
"21426",4
"21427",19
"21432",18
"21433",5
"21434",3
"21436",4
"21439",5
"21440",4
"21442",17
"21445",22
"21446",6
"21448",7
"21450",1
"21451",3
"21452",7
"21453",4
"21455",1
"21456",5
"21457",3
"21459",1
"21460",0
"21461",0
"21462",4
"21463",1
"21465",4
"21466",2
"21467",3
"21468",2
"21469",1
"21470",3
"21471",4
"21473",2
"21474",0
"21475",2
"21477",19
"21478",3
"21479",6
"21480",11
"21482",7
"21483",18
"21486",13
"21487",7
"21488",4
"21489",5
"21490",2
"21492",19
"21493",4
"21498",1
"21499",19
"21501",19
"21503",3
"21506",6
"21507",1
"21509",22
"21519",7
"21530",6
"21531",3
"21532",2
"21533",17
"21539",26
"21540",22
"21541",13
"21542",25
"21543",28
"21544",2
"21545",15
"21547",26
"21555",14
"21562",6
"21564",15
"21565",1
"21566",1
"21567",1
"21568",2
"21573",6
"21576",29
"21577",19
"21578",10
"21579",1
"21583",0
"21590",5
"21592",4
"21594",2
"21608",29
"21609",9
"21615",18
"21616",6
"21617",8
"21618",3
"21619",4
"21626",10
"21629",14
"21630",2
"21631",3
"21632",12
"21633",16
"21635",1
"21638",26
"21639",19
"21640",1
"21641",8
"21642",11
"21643",18
"21644",22
"21645",0
"21646",0
"21647",1
"21648",0
"21649",27
"21651",28
"21652",15
"21653",15
"21654",10
"21655",6
"21656",10
"21661",13
"21666",0
"21670",25
"21671",2
"21672",3
"21673",8
"21677",1
"21678",1
"21679",4
"21680",2
"21682",10
"21683",5
"21689",2
"21692",1
"21693",1
"21695",4
"21696",2
"21697",1
"21698",0
"21700",9
"21701",6
"21706",7
"21707",4
"21708",1
"21709",0
"21710",7
"21714",4
"21715",0
"21716",2
"21717",5
"21718",7
"21719",2
"21720",1
"21722",7
"21724",3
"21725",5
"21726",10
"21727",5
"21728",0
"21729",7
"21731",3
"21732",3
"21741",6
"21742",3
"21743",13
"21745",2
"21746",6
"21748",9
"21749",0
"21750",11
"21751",2
"21752",1
"21753",4
"21754",1
"21755",0
"21756",7
"21757",4
"21758",1
"21759",2
"21760",1
"21762",13
"21764",8
"21765",6
"21766",8
"21768",11
"21769",3
"21770",8
"21771",1
"21772",1
"21773",1
"21774",0
"21776",3
"21777",3
"21778",0
"21779",2
"21780",8
"21781",7
"21783",8
"21784",9
"21785",4
"21786",3
"21788",6
"21791",3
"21792",4
"21794",1
"21795",8
"21796",4
"21797",5
"21798",12
"21799",3
"21800",2
"21802",2
"21803",12
"21804",5
"21805",2
"21806",9
"21807",9
"21808",2
"21809",10
"21810",1
"21812",0
"21813",8
"21814",2
"21815",5
"21816",14
"21817",4
"21818",15
"21819",1
"21820",6
"21821",3
"21822",1
"21823",6
"21824",8
"21827",10
"21828",5
"21829",3
"21832",7
"21833",10
"21834",4
"21835",7
"21837",3
"21838",7
"21839",4
"21840",4
"21844",10
"21846",11
"21847",5
"21848",2
"21849",0
"21850",1
"21851",9
"21852",5
"21853",7
"21855",0
"21856",0
"21858",1
"21859",1
"21860",8
"21861",4
"21862",2
"21863",2
"21864",10
"21865",11
"21866",6
"21867",5
"21868",8
"21869",9
"21870",1
"21871",5
"21872",4
"21873",5
"21874",2
"21875",0
"21880",1
"21881",1
"21883",3
"21884",1
"21885",1
"21888",3
"21889",2
"21890",3
"21891",5
"21892",3
"21893",5
"21894",2
"21895",0
"21896",2
"21897",4
"21898",2
"21899",2
"21902",1
"21903",4
"21904",6
"21906",4
"21907",0
"21908",5
"21911",0
"21912",3
"21916",1
"21917",0
"21919",0
"21920",1
"21923",2
"21924",0
"21925",3
"21926",1
"21930",10
"21931",4
"21932",1
"21933",3
"21934",9
"21936",0
"21937",4
"21939",4
"21940",2
"21941",3
"21946",2
"21947",2
"21948",2
"21949",8
"21950",1
"21951",2
"21952",0
"21953",3
"21954",3
"21955",3
"21956",4
"21957",0
"21958",1
"21959",8
"21960",2
"21961",2
"21962",1
"21963",4
"21965",1
"21966",0
"21968",0
"21970",1
"21971",1
"21972",5
"21974",5
"21975",3
"21977",2
"21978",3
"21979",1
"21985",4
"21989",1
"21992",4
"21995",2
"21996",1
"21998",8
"21999",5
"22001",2
"22002",2
"22003",4
"22004",2
"22005",0
"22006",24
"22007",15
"22008",6
"22009",4
"22010",15
"22012",3
"22015",23
"22016",13
"22017",10
"22018",2
"22019",2
"22020",1
"22022",0
"22023",7
"22024",8
"22026",0
"22035",0
"22046",22
"22047",4
"22048",3
"22049",14
"22055",1
"22058",3
"22059",2
"22060",2
"22061",0
"22062",0
"22066",3
"22067",4
"22068",12
"22069",5
"22073",11
"22075",19
"22076",4
"22078",0
"22079",0
"22081",21
"22082",0
"22083",2
"22085",18
"22086",3
"22095",5
"22098",0
"22103",0
"22104",2
"22107",2
"22112",19
"22114",1
"22116",1
"22121",0
"22124",1
"22126",24
"22128",12
"22131",3
"22133",5
"22134",1
"22135",0
"22136",13
"22137",19
"22138",4
"22140",12
"22141",6
"22142",0
"22145",14
"22154",23
"22157",17
"22160",2
"22161",0
"22162",3
"22163",10
"22165",5
"22167",20
"22168",21
"22169",18
"22170",11
"22172",3
"22173",6
"22177",7
"22179",11
"22180",4
"22181",10
"22182",9
"22183",2
"22184",5
"22185",3
"22195",14
"22196",14
"22199",2
"22200",3
"22201",3
"22202",2
"22205",0
"22206",3
"22209",7
"22211",6
"22212",7
"22216",1
"22217",2
"22218",4
"22219",4
"22220",6
"22221",11
"22222",4
"22223",2
"22224",1
"22229",1
"22230",2
"22233",7
"22236",3
"22237",1
"22239",1
"22240",3
"22241",8
"22242",1
"22244",2
"22245",3
"22246",9
"22249",5
"22250",6
"22271",6
"22273",4
"22279",0
"22280",0
"22290",9
"22291",2
"22292",0
"22295",6
"22297",1
"22299",2
"22300",1
"22302",1
"22303",8
"22305",8
"22306",4
"22307",3
"22308",6
"22309",7
"22310",2
"22311",0
"22312",0
"22313",6
"22315",2
"22316",3
"22318",0
"22320",3
"22321",2
"22323",0
"22324",6
"22325",4
"22327",4
"22328",0
"22329",0
"22332",7
"22333",3
"22334",5
"22335",5
"22336",7
"22337",5
"22338",3
"22339",3
"22341",7
"22342",8
"22344",8
"22347",4
"22348",6
"22350",2
"22359",9
"22360",8
"22362",4
"22363",3
"22365",0
"22368",0
"22369",1
"22372",0
"22373",0
"22374",0
"22376",0
"22378",0
"22379",0
"22382",2
"22385",2
"22387",6
"22389",4
"22394",0
"22403",1
"22404",4
"22406",3
"22408",7
"22409",0
"22412",1
"22416",1
"22417",7
"22420",4
"22422",2
"22423",2
"22425",4
"22426",1
"22427",1
"22428",1
"22429",1
"22431",4
"22432",5
"22433",3
"22434",0
"22435",3
"22436",1
"22438",0
"22440",3
"22441",0
"22442",1
"22443",2
"22445",2
"22447",4
"22450",2
"22455",0
"22460",2
"22461",2
"22462",5
"22464",8
"22465",6
"22466",7
"22467",4
"22468",1
"22471",3
"22473",0
"22474",2
"22476",0
"22477",1
"22479",1
"22480",2
"22482",3
"22485",1
"22487",2
"22488",1
"22491",0
"22492",1
"22495",1
"22498",1
"22501",2
"22503",6
"22504",3
"22507",0
"22509",2
"22510",1
"22511",4
"22513",15
"22514",7
"22515",5
"22516",12
"22518",6
"22519",4
"22520",4
"22521",0
"22522",2
"22523",5
"22524",8
"22526",1
"22530",1
"22533",2
"22534",14
"22535",11
"22536",6
"22538",3
"22539",9
"22542",6
"22545",14
"22548",4
"22550",16
"22552",9
"22553",4
"22554",4
"22555",6
"22556",10
"22557",6
"22561",2
"22562",1
"22563",5
"22564",4
"22565",7
"22571",0
"22572",0
"22575",0
"22577",3
"22578",2
"22579",1
"22580",8
"22583",9
"22584",8
"22585",6
"22586",6
"22588",9
"22589",4
"22590",8
"22591",9
"22592",8
"22594",2
"22595",0
"22596",1
"22599",0
"22600",1
"22604",5
"22605",0
"22606",1
"22607",6
"22609",6
"22622",2
"22633",4
"22634",1
"22635",1
"22636",0
"22637",3
"22638",0
"22639",1
"22640",0
"22642",2
"22644",5
"22645",14
"22646",3
"22647",8
"22648",13
"22650",1
"22653",2
"22654",14
"22655",4
"22656",10
"22657",3
"22658",4
"22659",1
"22660",0
"22661",6
"22662",2
"22663",3
"22665",2
"22666",12
"22667",10
"22668",4
"22671",8
"22672",3
"22673",4
"22674",1
"22676",11
"22677",5
"22678",5
"22680",2
"22681",5
"22682",3
"22683",2
"22684",3
"22685",2
"22686",6
"22692",5
"22693",2
"22694",2
"22706",2
"22707",4
"22708",0
"22710",3
"22711",0
"22715",9
"22716",14
"22717",6
"22718",1
"22719",5
"22721",7
"22722",3
"22723",6
"22727",3
"22734",5
"22736",13
"22740",8
"22749",5
"22750",4
"22751",5
"22752",3
"22753",0
"22754",0
"22755",1
"22758",11
"22759",11
"22760",3
"22763",5
"22764",5
"22766",9
"22768",7
"22770",5
"22771",0
"22777",8
"22778",5
"22780",2
"22781",0
"22783",0
"22784",12
"22785",5
"22786",3
"22787",11
"22789",0
"22793",3
"22794",1
"22795",6
"22797",5
"22799",4
"22804",2
"22805",7
"22806",3
"22808",10
"22810",5
"22813",7
"22814",3
"22815",3
"22816",4
"22818",1
"22819",10
"22820",7
"22825",8
"22826",1
"22827",6
"22828",4
"22829",2
"22830",1
"22831",3
"22832",2
"22833",4
"22838",3
"22840",3
"22842",1
"22848",4
"22856",4
"22857",3
"22858",3
"22860",1
"22861",1
"22863",0
"22864",2
"22868",2
"22869",3
"22870",2
"22871",4
"22883",2
"22886",3
"22887",5
"22888",5
"22889",3
"22890",4
"22891",2
"22892",2
"22897",1
"22898",3
"22901",2
"22908",1
"22909",1
"22914",1
"22915",2
"22916",1
"22919",3
"22920",1
"22923",3
"22924",0
"22927",6
"22929",0
"22930",3
"22931",6
"22936",3
"22939",6
"22941",1
"22942",1
"22943",2
"22944",3
"22945",4
"22946",5
"22947",1
"22948",2
"22949",3
"22951",4
"22953",4
"22954",6
"22955",7
"22956",3
"22957",3
"22959",5
"22960",1
"22961",1
"22963",2
"22969",2
"22970",5
"22971",4
"22980",1
"22982",4
"22983",5
"22984",4
"22985",1
"22986",0
"22990",2
"22991",0
"22992",12
"22993",12
"22994",1
"22997",3
"22998",1
"23002",1
"23003",4
"23005",8
"23006",3
"23007",2
"23008",0
"23009",1
"23010",1
"23012",3
"23013",3
"23015",2
"23016",6
"23017",5
"23018",1
"23020",3
"23025",2
"23028",7
"23029",5
"23030",4
"23031",1
"23036",1
"23037",0
"23039",14
"23084",8
"23132",2
"23134",0
"23160",0
"23161",0
"23163",12
"23164",19
"23165",5
"23166",8
"23167",5
"23168",2
"23170",3
"23174",26
"23175",18
"23176",9
"23178",3
"23179",2
"23180",0
"23182",5
"23207",9
"23208",21
"23209",0
"23213",4
"23215",4
"23216",10
"23217",0
"23218",5
"23219",3
"23221",3
"23222",3
"23223",5
"23224",3
"23228",0
"23230",19
"23231",0
"23232",0
"23234",1
"23235",4
"23236",6
"23237",3
"23239",7
"23240",1
"23241",7
"23242",1
"23243",1
"23245",11
"23246",24
"23252",3
"23254",4
"23260",15
"23262",12
"23266",8
"23267",1
"23268",1
"23270",13
"23278",4
"23314",4
"23315",3
"23323",2
"23324",2
"23325",0
"23326",3
"23327",0
"23329",0
"23334",1
"23335",1
"23336",0
"23341",0
"23342",1
"23345",1
"23351",8
"23354",5
"23355",2
"23360",2
"23361",2
"23362",10
"23363",3
"23364",2
"23365",0
"23366",0
"23367",1
"23369",3
"23376",2
"23377",0
"23378",1
"23379",1
"23381",3
"23383",2
"23384",0
"23389",0
"23391",0
"23392",0
"23393",0
"23395",3
"23396",1
"23397",0
"23398",2
"23431",4
"23432",0
"23437",0
"23438",5
"23439",1
"23442",0
"23443",5
"23444",2
"23445",2
"23446",1
"23447",6
"23449",9
"23450",4
"23451",4
"23453",3
"23454",1
"23455",8
"23456",3
"23457",4
"23458",5
"23460",1
"23461",3
"23462",0
"23463",3
"23464",4
"23466",3
"23468",6
"23469",4
"23470",2
"23471",5
"23472",4
"23473",5
"23476",4
"23478",0
"23480",4
"23481",7
"23482",4
"23483",5
"23484",4
"23486",2
"23487",0
"23488",2
"23491",6
"23492",7
"23493",4
"23494",0
"23495",2
"23496",2
"23500",4
"23501",12
"23502",3
"23503",4
"23504",3
"23505",3
"23506",2
"23507",2
"23508",6
"23509",5
"23510",7
"23513",1
"23514",0
"23515",2
"23518",4
"23519",1
"23520",1
"23521",13
"23524",8
"23526",5
"23527",2
"23528",3
"23536",2
"23542",1
"23563",14
"23578",0
"23586",11
"23587",12
"23588",8
"23590",4
"23592",3
"23603",3
"23604",1
"23605",7
"23607",22
"23608",10
"23609",10
"23612",10
"23618",18
"23620",5
"23622",13
"23623",8
"23624",8
"23625",7
"23627",31
"23631",9
"23632",0
"23634",18
"23636",6
"23637",2
"23638",17
"23639",3
"23643",12
"23644",11
"23645",4
"23646",31
"23647",1
"23649",0
"23650",18
"23652",12
"23654",7
"23655",5
"23656",7
"23657",9
"23658",27
"23659",3
"23661",5
"23662",11
"23664",1
"23665",2
"23667",16
"23668",3
"23669",6
"23670",5
"23671",23
"23673",16
"23683",5
"23684",9
"23685",3
"23686",1
"23687",5
"23690",19
"23691",11
"23692",8
"23693",1
"23694",9
"23697",9
"23699",10
"23700",11
"23702",14
"23703",11
"23705",2
"23706",10
"23711",2
"23712",1
"23714",3
"23716",17
"23717",8
"23718",6
"23719",1
"23720",6
"23721",7
"23723",2
"23724",15
"23725",2
"23726",4
"23727",3
"23728",4
"23729",12
"23730",4
"23731",5
"23733",3
"23734",2
"23735",2
"23736",13
"23739",5
"23740",18
"23743",3
"23744",1
"23745",2
"23750",1
"23755",23
"23758",12
"23759",3
"23760",2
"23761",3
"23762",5
"23763",0
"23768",31
"23770",15
"23773",10
"23779",9
"23782",7
"23783",21
"23784",5
"23785",3
"23786",4
"23789",12
"23791",14
"23792",1
"23804",5
"23807",23
"23808",7
"23809",25
"23813",16
"23814",0
"23815",9
"23816",10
"23817",9
"23841",9
"23842",7
"23843",14
"23845",8
"23868",18
"23869",0
"23870",0
"23871",14
"23875",5
"23878",6
"23880",4
"23882",3
"23883",0
"23884",5
"23885",8
"23886",17
"23887",10
"23888",3
"23889",3
"23893",19
"23898",5
"23899",2
"23900",7
"23902",2
"23904",9
"23905",2
"23914",8
"23915",2
"23918",1
"23920",1
"23922",2
"23923",2
"23924",3
"23929",5
"23935",19
"23937",5
"23938",2
"23939",0
"23947",5
"23949",10
"23950",3
"23953",4
"23957",0
"23962",23
"23964",10
"23965",7
"23966",4
"23970",1
"23971",5
"23973",9
"23974",6
"23975",5
"23976",3
"23985",1
"23986",19
"23987",5
"23989",7
"23990",7
"23993",13
"24003",1
"24006",4
"24012",19
"24016",1
"24018",11
"24031",12
"24034",1
"24035",9
"24036",11
"24037",2
"24038",0
"24039",4
"24040",0
"24041",1
"24042",2
"24045",5
"24046",3
"24047",3
"24048",16
"24049",15
"24050",15
"24051",11
"24052",5
"24053",12
"24054",3
"24055",0
"24056",5
"24057",1
"24058",1
"24059",4
"24060",6
"24061",5
"24062",5
"24063",0
"24068",4
"24069",7
"24071",8
"24072",0
"24073",4
"24077",16
"24078",9
"24079",19
"24080",7
"24083",0
"24088",4
"24089",7
"24090",1
"24092",2
"24093",3
"24099",1
"24100",5
"24101",6
"24102",4
"24103",0
"24106",8
"24107",1
"24108",0
"24109",5
"24110",4
"24111",1
"24112",0
"24113",1
"24114",1
"24115",2
"24116",7
"24117",2
"24118",1
"24119",0
"24120",10
"24122",9
"24123",0
"24127",8
"24130",8
"24133",5
"24134",1
"24135",9
"24136",10
"24137",2
"24138",4
"24139",2
"24140",10
"24142",5
"24143",14
"24144",6
"24146",6
"24149",4
"24150",4
"24151",2
"24158",5
"24159",1
"24162",19
"24163",7
"24169",20
"24170",9
"24171",6
"24173",0
"24174",0
"24175",10
"24176",1
"24178",15
"24179",2
"24181",15
"24182",10
"24184",3
"24185",23
"24187",15
"24188",7
"24189",13
"24190",5
"24191",8
"24192",3
"24193",1
"24194",23
"24195",2
"24196",3
"24197",2
"24198",9
"24199",4
"24201",17
"24203",27
"24204",24
"24205",9
"24206",15
"24207",27
"24208",11
"24209",8
"24211",1
"24212",0
"24221",1
"24223",6
"24224",12
"24229",3
"24231",26
"24232",0
"24234",22
"24236",4
"24237",4
"24241",7
"24245",7
"24246",18
"24248",12
"24249",14
"24250",13
"24251",1
"24252",0
"24254",14
"24255",5
"24257",12
"24260",2
"24262",9
"24263",5
"24264",5
"24266",6
"24267",4
"24268",4
"24271",25
"24273",10
"24274",4
"24275",6
"24280",23
"24282",1
"24283",22
"24284",3
"24286",16
"24289",1
"24290",13
"24296",27
"24297",13
"24303",15
"24305",10
"24308",15
"24309",7
"24313",23
"24314",3
"24315",24
"24316",10
"24317",5
"24318",15
"24319",12
"24320",11
"24321",3
"24322",4
"24323",4
"24325",1
"24326",17
"24328",25
"24329",11
"24330",21
"24331",9
"24333",13
"24334",9
"24341",12
"24349",10
"24350",1
"24351",8
"24352",0
"24353",10
"24357",6
"24360",27
"24364",13
"24369",7
"24373",1
"24375",13
"24381",0
"24382",0
"24383",10
"24384",7
"24385",2
"24386",2
"24387",4
"24388",3
"24393",3
"24394",3
"24395",5
"24396",13
"24397",1
"24398",6
"24400",9
"24403",1
"24404",2
"24405",4
"24407",3
"24408",10
"24409",4
"24413",4
"24414",4
"24416",1
"24417",0
"24421",8
"24423",17
"24424",2
"24425",23
"24426",19
"24427",8
"24428",15
"24429",10
"24430",1
"24431",6
"24432",13
"24433",6
"24434",13
"24447",13
"24448",2
"24449",7
"24450",10
"24452",3
"24453",1
"24455",5
"24456",0
"24457",8
"24458",6
"24459",3
"24460",2
"24462",6
"24463",1
"24464",1
"24465",0
"24466",1
"24467",13
"24468",2
"24471",5
"24472",3
"24473",5
"24476",5
"24489",11
"24490",3
"24491",6
"24492",2
"24493",3
"24494",7
"24495",10
"24496",5
"24497",1
"24498",6
"24499",3
"24500",4
"24502",10
"24503",5
"24504",0
"24505",14
"24506",5
"24507",5
"24510",8
"24513",1
"24517",2
"24521",3
"24602",8
"24605",4
"24607",6
"24609",5
"24610",1
"24616",1
"24617",2
"24618",0
"24619",0
"24621",2
"24624",2
"24625",1
"24626",7
"24627",11
"24630",10
"24631",1
"24632",0
"24638",6
"24640",1
"24641",0
"24642",1
"24643",1
"24646",3
"24647",1
"24648",8
"24650",6
"24658",4
"24661",4
"24662",5
"24664",0
"24668",6
"24669",1
"24670",0
"24671",0
"24672",8
"24673",3
"24677",2
"24679",5
"24680",2
"24689",8
"24690",8
"24691",1
"24693",5
"24695",2
"24698",13
"24699",10
"24700",2
"24702",5
"24703",0
"24704",1
"24706",1
"24708",9
"24710",12
"24713",7
"24715",1
"24716",1
"24717",0
"24720",2
"24722",9
"24723",1
"24727",6
"24728",3
"24729",5
"24736",5
"24737",4
"24738",1
"24739",2
"24741",6
"24742",1
"24743",0
"24744",5
"24752",4
"24754",2
"24756",0
"24760",6
"24761",1
"24762",0
"24763",5
"24764",3
"24767",5
"24768",4
"24769",5
"24771",1
"24772",3
"24774",9
"24776",2
"24777",2
"24778",1
"24779",1
"24780",0
"24783",2
"24784",0
"24785",5
"24786",1
"24787",2
"24788",0
"24790",1
"24791",2
"24793",2
"24794",3
"24798",1
"24799",6
"24800",3
"24801",5
"24803",11
"24804",2
"24805",5
"24806",1
"24808",5
"24809",7
"24810",2
"24811",9
"24814",9
"24816",6
"24817",4
"24821",21
"24822",5
"24823",2
"24827",4
"24828",7
"24829",2
"24835",18
"24836",4
"24837",14
"24838",3
"24839",4
"24840",3
"24841",1
"24848",5
"24849",6
"24850",6
"24851",1
"24853",9
"24856",14
"24860",9
"24862",1
"24867",14
"24872",4
"24873",2
"24874",3
"24875",3
"24876",10
"24880",2
"24881",6
"24883",1
"24884",1
"24894",5
"24895",1
"24897",4
"24898",3
"24899",0
"24900",1
"24903",2
"24904",1
"24906",2
"24908",2
"24909",2
"24910",4
"24914",17
"24916",7
"24917",15
"24918",14
"24921",7
"24930",7
"24936",7
"24937",1
"25006",2
"25026",0
"25065",2
"25144",3
"25154",3
"25159",1
"25162",0
"25179",0
"25292",0
"25295",2
"25379",3
"25403",2
"25424",2
"25437",5
"25441",0
"25443",3
"25448",0
"25449",0
"25467",4
"25480",7
"25483",0
"25484",0
"25485",3
"25486",1
"25490",2
"25492",2
"25498",1
"25505",1
"25510",3
"25511",1
"25515",1
"25516",7
"25517",3
"25523",3
"25524",0
"25528",7
"25529",3
"25533",7
"25535",1
"25541",2
"25542",2
"25543",3
"25544",5
"25545",2
"25546",2
"25562",9
"25563",3
"25564",1
"25584",5
"25587",18
"25591",4
"25592",3
"25597",8
"25599",3
"25600",4
"25606",3
"25607",1
"25611",11
"25612",2
"25616",1
"25617",0
"25620",6
"25623",2
"25634",5
"25635",8
"25643",13
"25644",2
"25646",16
"25648",8
"25649",13
"25651",4
"25652",2
"25653",16
"25654",1
"25655",1
"25656",7
"25657",5
"25663",1
"25667",25
"25668",15
"25669",18
"25670",6
"25671",13
"25674",0
"25677",2
"25678",8
"25680",5
"25681",5
"25682",6
"25692",14
"25698",5
"25699",2
"25700",2
"25701",2
"25702",4
"25708",3
"25709",0
"25713",2
"25716",6
"25717",2
"25720",2
"25721",2
"25726",9
"25727",8
"25728",5
"25732",1
"25738",13
"25741",1
"25742",0
"25743",19
"25744",2
"25745",5
"25748",7
"25749",2
"25750",11
"25757",11
"25758",8
"25760",2
"25761",1
"25763",1
"25765",1
"25766",3
"25771",11
"25772",3
"25790",17
"25793",18
"25795",7
"25796",4
"25797",3
"25798",0
"25802",6
"25803",1
"25807",5
"25810",3
"25811",0
"25812",12
"25826",14
"25828",12
"25833",4
"25839",1
"25841",1
"25846",4
"25847",1
"25848",2
"25857",1
"25859",1
"25860",1
"25861",2
"25877",2
"25884",3
"25886",0
"25887",1
"25888",2
"25890",2
"25898",2
"25899",1
"25900",2
"25907",3
"25908",5
"25909",4
"25910",4
"25911",2
"25918",8
"25920",4
"25930",1
"25934",9
"25935",2
"25936",3
"25937",2
"25938",6
"25939",1
"25942",0
"25943",7
"25944",3
"25945",2
"25946",5
"25957",8
"25958",4
"25959",18
"25960",25
"25961",5
"25962",7
"25963",15
"25964",4
"25965",7
"25967",6
"25968",5
"25969",3
"25970",1
"25971",1
"25972",7
"25973",1
"25975",0
"25976",34
"25977",13
"25978",21
"25979",11
"25983",26
"25984",3
"25985",9
"25986",2
"25987",10
"25990",10
"25991",17
"25992",9
"25993",23
"25995",1
"25997",12
"25998",12
"25999",23
"26002",4
"26003",6
"26004",3
"26005",5
"26006",1
"26007",8
"26010",19
"26014",1
"26019",12
"26023",5
"26024",8
"26025",4
"26026",3
"26027",0
"26030",2
"26032",6
"26035",0
"26036",21
"26038",17
"26042",9
"26044",12
"26052",8
"26053",4
"26054",4
"26055",4
"26056",1
"26060",2
"26062",11
"26063",2
"26064",3
"26066",3
"26067",5
"26068",0
"26069",2
"26075",6
"26076",1
"26077",0
"26078",19
"26083",6
"26084",3
"26085",18
"26086",10
"26087",8
"26090",4
"26091",1
"26092",2
"26093",3
"26094",4
"26095",0
"26099",11
"26101",1
"26103",2
"26105",1
"26106",7
"26109",3
"26110",2
"26111",3
"26113",3
"26116",3
"26139",4
"26149",1
"26150",17
"26151",8
"26154",3
"26155",10
"26156",9
"26157",4
"26158",16
"26161",1
"26162",15
"26164",3
"26165",27
"26168",21
"26169",19
"26170",2
"26171",2
"26173",1
"26174",6
"26176",0
"26177",1
"26180",5
"26181",1
"26183",1
"26187",24
"26188",0
"26191",13
"26193",12
"26194",6
"26196",2
"26197",3
"26198",2
"26201",2
"26202",10
"26203",6
"26204",7
"26205",6
"26206",3
"26208",7
"26209",1
"26210",9
"26211",2
"26214",21
"26215",24
"26216",13
"26217",19
"26221",1
"26222",8
"26223",5
"26224",18
"26225",9
"26226",3
"26227",15
"26228",25
"26229",4
"26230",27
"26231",7
"26232",10
"26233",10
"26234",13
"26237",1
"26238",1
"26243",13
"26244",1
"26245",2
"26246",3
"26248",19
"26249",10
"26252",5
"26253",13
"26254",3
"26255",4
"26256",18
"26257",13
"26259",20
"26269",21
"26272",16
"26273",7
"26274",3
"26276",11
"26277",21
"26278",0
"26279",1
"26280",16
"26283",12
"26285",23
"26286",25
"26291",13
"26292",14
"26293",17
"26295",7
"26296",2
"26297",5
"26298",3
"26299",5
"26300",19
"26301",8
"26303",24
"26305",0
"26309",2
"26312",0
"26314",2
"26315",15
"26316",1
"26319",14
"26320",9
"26321",4
"26322",20
"26324",9
"26327",2
"26328",15
"26329",23
"26332",10
"26334",14
"26335",10
"26336",13
"26337",3
"26338",1
"26341",5
"26342",2
"26343",2
"26344",2
"26345",2
"26346",2
"26347",3
"26348",2
"26351",3
"26352",4
"26353",2
"26354",2
"26355",0
"26356",27
"26360",3
"26361",2
"26363",19
"26367",2
"26368",8
"26369",3
"26370",18
"26371",5
"26372",24
"26374",27
"26378",10
"26379",17
"26381",4
"26382",4
"26383",10
"26386",13
"26387",19
"26388",19
"26389",23
"26390",28
"26393",25
"26394",1
"26398",5
"26400",2
"26401",1
"26403",2
"26404",1
"26405",13
"26406",3
"26407",3
"26408",1
"26409",11
"26410",19
"26411",4
"26412",3
"26415",14
"26416",3
"26422",2
"26423",20
"26424",15
"26425",32
"26426",17
"26429",12
"26432",7
"26433",2
"26435",21
"26436",12
"26438",6
"26439",29
"26440",1
"26441",10
"26446",5
"26448",2
"26451",3
"26455",1
"26457",4
"26463",3
"26464",19
"26468",15
"26470",20
"26472",9
"26475",12
"26476",3
"26477",2
"26478",6
"26479",3
"26480",6
"26481",0
"26482",14
"26483",1
"26484",2
"26487",2
"26489",2
"26490",13
"26491",3
"26492",7
"26493",2
"26494",6
"26495",8
"26496",15
"26498",6
"26500",9
"26502",6
"26503",6
"26505",26
"26506",1
"26507",4
"26509",16
"26511",4
"26512",2
"26514",6
"26515",1
"26518",27
"26519",17
"26522",3
"26523",15
"26531",2
"26539",2
"26540",3
"26541",0
"26544",12
"26545",6
"26546",11
"26547",1
"26549",1
"26550",22
"26551",14
"26552",1
"26558",10
"26561",11
"26562",4
"26563",3
"26568",2
"26571",2
"26572",12
"26577",2
"26583",6
"26588",4
"26589",17
"26590",11
"26592",6
"26594",17
"26595",3
"26596",4
"26598",11
"26599",21
"26600",16
"26605",5
"26606",5
"26607",1
"26609",5
"26610",0
"26613",1
"26614",0
"26617",9
"26621",9
"26622",2
"26623",0
"26627",10
"26629",6
"26631",11
"26633",3
"26634",2
"26635",5
"26637",8
"26638",3
"26639",9
"26646",9
"26647",10
"26650",0
"26651",12
"26652",11
"26654",1
"26655",8
"26658",21
"26659",12
"26660",6
"26661",0
"26662",10
"26663",18
"26664",13
"26665",20
"26666",11
"26667",1
"26668",16
"26669",1
"26670",5
"26671",10
"26672",20
"26673",5
"26674",0
"26675",2
"26676",3
"26679",3
"26682",17
"26686",17
"26688",5
"26690",29
"26691",4
"26692",16
"26693",2
"26694",2
"26695",7
"26696",10
"26698",3
"26699",31
"26700",19
"26701",20
"26702",5
"26705",13
"26706",1
"26707",5
"26709",6
"26710",4
"26711",3
"26712",0
"26713",5
"26714",8
"26715",4
"26717",2
"26718",2
"26719",13
"26720",3
"26721",3
"26722",15
"26724",3
"26725",3
"26726",5
"26727",0
"26728",5
"26729",4
"26730",0
"26731",11
"26732",7
"26733",6
"26734",4
"26735",7
"26736",2
"26737",9
"26738",2
"26739",12
"26740",3
"26741",8
"26744",14
"26746",9
"26748",2
"26749",2
"26750",19
"26754",1
"26755",19
"26756",5
"26762",21
"26765",4
"26770",13
"26775",15
"26777",10
"26779",9
"26780",2
"26781",7
"26782",3
"26785",12
"26786",5
"26787",1
"26788",18
"26791",6
"26792",2
